候选ID,英文词条,建议中文或原译候选,原译及清单频次,状态,清单检出篇数,检出篇号,提取位置,原文样例,你的定译
C-fed758b7a8,Overview,概述,概述（476）；概念（1）,编辑用语已统一,477,"0005,0006,0012,0013,0024,0025,0026,0028,0032,0035,0036,0037,0039,0040,0042,0043,0046,0051,0053,0054,0055,0056,0059,0064,0068,0071,0072,0077,0079,0081,0086,0103,0107,0108,0111,0112,0114,0115,0116,0117,0118,0119,0120,0122,0124,0125,0130,0131,0134,0136,0138,0140,0141,0145,0146,0147,0149,0151,0154,0155,0156,0157,0158,0159,0160,0163,0165,0166,0168,0170,0174,0175,0179,0182,0184,0188,0189,0190,0194,0196,0202,0203,0205,0207,0214,0218,0220,0222,0223,0225,0228,0229,0233,0240,0250,0260,0262,0263,0265,0268,0282,0283,0284,0285,0287,0288,0292,0294,0296,0298,0299,0300,0301,0303,0305,0307,0308,0309,0310,0314,0317,0318,0324,0327,0328,0329,0330,0331,0332,0333,0334,0335,0338,0347,0348,0356,0357,0358,0367,0368,0370,0373,0374,0376,0378,0382,0383,0384,0386,0389,0390,0397,0400,0402,0405,0406,0411,0412,0413,0417,0420,0422,0424,0425,0427,0432,0434,0435,0448,0449,0453,0454,0458,0459,0463,0464,0465,0467,0469,0482,0484,0485,0490,0491,0492,0494,0495,0497,0499,0503,0504,0505,0507,0508,0509,0510,0512,0513,0514,0515,0516,0517,0519,0526,0527,0530,0531,0536,0542,0548,0550,0551,0556,0557,0562,0566,0576,0586,0587,0617,0628,0651,0680,0710,0728,0729,0745,0750,0751,0752,0753,0754,0757,0760,0763,0765,0767,0768,0771,0774,0776,0780,0783,0784,0785,0786,0787,0789,0790,0793,0798,0799,0800,0801,0802,0803,0805,0808,0809,0811,0812,0814,0817,0824,0827,0829,0830,0831,0833,0835,0837,0838,0839,0840,0841,0842,0846,0847,0851,0856,0857,0858,0859,0863,0864,0865,0870,0882,0890,0897,0900,0906,0909,0912,0920,0921,0922,0923,0924,0925,0930,0932,0933,0934,0935,0936,0937,0938,0940,0942,0945,0948,0951,0953,0958,0961,0962,0967,0974,0976,0981,0982,0989,0992,0997,1001,1004,1007,1009,1011,1016,1017,1023,1031,1042,1044,1046,1053,1059,1060,1065,1066,1067,1069,1073,1077,1086,1087,1090,1091,1092,1093,1096,1098,1101,1102,1107,1110,1117,1128,1136,1137,1143,1144,1146,1153,1154,1161,1162,1165,1183,1187,1192,1218,1219,1230,1233,1234,1235,1255,1261,1262,1265,1266,1268,1271,1275,1277,1279,1280,1288,1292,1295,1299,1304,1305,1311,1313,1316,1318,1339,1342,1353,1372,1376,1381,1385,1387,1413,1414,1423,1429,1433,1437,1439,1440,1441,1442,1444,1446,1447,1449,1451,1452,1453,1455,1458,1463,1464,1469,1473,1476,1477,1480,1483,1484,1485,1487,1490,1492,1493,1494,1496,1513,1514,1515,1516,1519,1521,1523,1524,1526,1527,1528,1531,1532,1539,1542,1543,1547,1550,1555,1556,1557,1558,1560,1563,1566,1571,1572,1573,1575,1576,1577,1578,1580,1582",heading,Overview 概述,
C-08530dda6e,Basic Data,基本资料,基础数据（126）；基础信息（36）；基本信息（1）,编辑用语已统一,163,"0890,0891,0892,0893,0894,0895,0896,0897,0898,0899,0900,0901,0902,0903,0904,0905,0906,0907,0908,0909,0910,0911,0912,0914,0916,0918,0923,0924,0925,0926,0928,0929,0930,0931,0932,0934,0935,0936,0937,0938,0939,0940,0941,0942,0943,0944,0945,0946,0948,0949,0950,0951,0952,0953,0956,0957,0958,0959,0961,0962,0963,0964,0965,0966,0967,0969,0971,0972,0973,0974,0975,0976,0977,0979,0980,0981,0982,0986,0987,0988,0996,0997,1001,1002,1003,1004,1005,1006,1007,1008,1009,1018,1019,1020,1021,1022,1023,1024,1025,1026,1027,1028,1029,1030,1031,1032,1033,1034,1035,1036,1037,1038,1039,1040,1041,1042,1043,1044,1046,1047,1048,1049,1059,1060,1061,1062,1063,1064,1065,1067,1068,1069,1070,1071,1072,1073,1074,1075,1077,1079,1080,1085,1086,1087,1088,1089,1090,1091,1092,1093,1094,1095,1096,1097,1098,1099,1100,1101,1102,1103,1105,1107,1108","caption,heading",Basic Data 基础数据,
C-cb8a4aa4a4,Planetary Image,行星图像,行星图像（52）；行星图片（13）；星球图片（1）,待筛选·原译候选，不代表定译,66,"0912,0926,0928,0929,0930,0932,0935,0936,0937,0938,0941,0942,0943,0944,0945,0946,0948,0949,0950,0951,0953,0956,0957,0965,0966,0971,0980,0982,0986,0987,0988,0997,1001,1002,1005,1006,1008,1009,1022,1033,1035,1036,1039,1042,1043,1047,1048,1049,1063,1064,1067,1068,1069,1070,1073,1075,1077,1078,1079,1093,1094,1096,1097,1098,1099,1109","caption,heading",Planetary Image 行星图像,
C-cb329146a0,Description,描述,描述（55）；叙述（1）；描绘（1）；说明（1）,编辑用语已统一,58,"0023,0049,0052,0065,0142,0153,0191,0198,0209,0279,0280,0281,0295,0361,0363,0391,0404,0408,0415,0457,0528,0532,0541,0559,0600,0683,0708,0861,0933,0964,0993,1111,1113,1114,1116,1117,1169,1195,1196,1197,1236,1294,1301,1349,1354,1360,1397,1412,1426,1431,1474,1478,1497,1520,1535,1569,1586,1587",heading,Description 描述,
C-bedcc40ee5,Equipment,装备,装备（43）；设备（11）,编辑用语已统一,53,"0025,0082,0083,0084,0086,0113,0117,0134,0149,0155,0168,0170,0171,0191,0213,0218,0223,0262,0263,0280,0289,0290,0291,0292,0304,0329,0403,0421,0456,0464,0493,0496,0520,0627,0645,0654,0666,0687,0692,0693,0694,1449,1465,1474,1475,1488,1489,1500,1502,1505,1511,1525,1529",heading,Equipment 装备,
C-3add7b9612,Notes,注释,注释（36）；注意（1）；琐事（1）,编辑用语已统一,38,"0009,0041,0076,0117,0151,0160,0165,0186,0316,0318,0332,0418,0427,0428,0450,0465,0502,0504,0517,0519,0570,0604,0634,0705,0737,0775,0821,0827,0848,0897,0930,1033,1043,1053,1068,1085,1115,1313",heading,Notes 注释,
C-6ff3fca6b1,Aftermath,余波,余波（37）；后果（1）,待筛选·原译候选，不代表定译,36,"0180,0317,0569,0745,0746,0755,0761,0764,0765,0766,0769,0771,0772,0773,0776,0779,0781,0785,0786,0788,0791,0796,0797,0798,0805,0809,0810,0811,0820,0821,0826,0829,0831,0838,0843,1006",heading,Aftermath 余波,
C-0709599390,Armour,装甲,装甲（44）；盔甲（5）,待筛选·原译候选，不代表定译,36,"0172,1452,1461,1465,1474,1479,1480,1485,1487,1488,1489,1490,1496,1498,1500,1502,1504,1505,1506,1507,1511,1514,1515,1516,1522,1523,1524,1525,1526,1527,1529,1531,1534,1538,1553,1560",heading,Armour 盔甲,
C-64e7c6d5b3,Technical Information,技术资料,技术信息（34）；技术军士（1）,编辑用语已统一,32,"1433,1435,1452,1461,1465,1474,1475,1479,1480,1485,1487,1488,1489,1490,1498,1500,1502,1504,1505,1506,1507,1511,1514,1516,1522,1524,1525,1527,1529,1534,1538,1560",heading,Technical Information 技术信息,
C-0bf1534d59,Horus Heresy,荷鲁斯之乱,荷鲁斯叛乱（26）；荷鲁斯之乱（2）,官方已核对,28,"0041,0083,0124,0168,0172,0362,0451,0611,0621,0623,0627,0632,0633,0640,0641,0642,0643,0646,0659,0668,0677,0682,0704,0708,0712,0918,0943,1573","heading,list",Horus Heresy 荷鲁斯叛乱,
C-c0c35bb4e4,The Horus Heresy,荷鲁斯叛乱,荷鲁斯叛乱（31）；荷鲁斯之乱（1）；荷鲁斯之战（1）,待筛选·原译候选，不代表定译,28,"0073,0326,0355,0386,0403,0421,0428,0456,0529,0534,0537,0540,0545,0549,0554,0558,0561,0588,0660,0667,0683,0698,0701,1029,1049,1064,1115,1583",heading,The Horus Heresy 荷鲁斯叛乱,
C-0f3528060d,Variants,变体,变体（23）；类型（1）,待筛选·原译候选，不代表定译,24,"0292,0411,1218,1219,1230,1233,1250,1262,1294,1295,1446,1451,1452,1461,1475,1490,1492,1493,1496,1498,1529,1553,1560,1578",heading,Variants 变体,
C-e1654d01e3,Known Members,已知成员,已知成员（14）；著名成员（8）,待筛选·原译候选，不代表定译,22,"0095,0096,0113,0120,0122,0137,0141,0183,0323,0332,0333,0395,0396,0409,0417,0419,0434,0457,0473,0485,0505,0517",heading,Known Members 已知成员,
C-fedb98f755,Recruitment,招募,招募（21）；募集（1）,待筛选·原译候选，不代表定译,22,"0082,0084,0104,0183,0326,0355,0362,0385,0386,0398,0403,0421,0428,0450,0451,0456,0464,0493,0537,0540,0549,0554",heading,Recruitment 招募,
C-eedecbddb2,Eldar,灵族,灵族（20）；艾达灵族（1）,暂定·语境区分,21,"0001,0002,0834,0843,0855,1125,1131,1135,1149,1152,1191,1218,1221,1265,1292,1308,1423,1424,1425,1575,1581","heading,list",Eldar 灵族,
C-1a026a099f,Prelude,序曲,序曲（19）；前奏（1）,待筛选·原译候选，不代表定译,20,"0635,0745,0746,0761,0766,0769,0772,0773,0775,0791,0792,0795,0797,0805,0822,0827,0829,0831,0837,0842",heading,Prelude 序曲,
C-dcf781272f,Orks,欧克蛮人,欧克（15）；兽人（3）；欧克异形（1）；欧克蛮人（1）,官方已核对,19,"0002,0574,0764,0828,0834,0835,0843,0855,1125,1131,1218,1221,1265,1308,1423,1424,1425,1575,1581","article-title,caption,heading,list",Orks 欧克,
C-f35f940f05,Fleet,舰队,舰队（19）；战舰（1）,待筛选·原译候选，不代表定译,18,"0106,0119,0172,0216,0313,0319,0362,0385,0393,0418,0443,0450,0451,0456,0534,0545,0558,0561",heading,Fleet 舰队,
C-2ebe3983c7,Heraldry,纹章,纹章（17）；纹章学（1）,待筛选·原译候选，不代表定译,18,"0122,0151,0172,0231,0252,0265,0288,0329,0362,0377,0394,0395,0427,0443,0447,0448,0449,0450",heading,Heraldry 纹章,
C-251b1d454c,Dark Angels,黑暗天使,"黑暗天使（16）；黑暗天使 Master 导师（1）；黑暗天使— 200,000（1）",官方已核对,17,"0176,0188,0213,0217,0220,0223,0226,0248,0252,0260,0265,0326,0327,0462,0777,0828,0843","caption,heading,list","Dark Angels 黑暗天使— 200,000-",
C-49c0775f27,Dark Eldar,黑暗灵族,黑暗灵族（15）；黑暗天使（1）,暂定·旧称对应,16,"0001,0828,0834,0835,0855,1125,1149,1181,1191,1218,1221,1308,1423,1424,1575,1581","heading,list",Dark Eldar 黑暗灵族,
C-9019bc209e,Heresy era,叛乱时期,叛乱时期（11）；叛乱前（5）；叛乱时代（1）,待筛选·原译候选，不代表定译,16,"0280,0329,0362,0386,0421,0424,0428,0451,0456,0464,0534,0537,0540,0545,0549,0561",heading,Heresy era 叛乱时期,
C-1b9b7a2fe2,Imperium,帝国,帝国（16）；帝皇（1）,暂定·简称,16,"0002,0018,0764,0781,0821,0834,0835,0839,0843,1218,1292,1308,1386,1424,1425,1575","article-title,heading,list",Imperium 帝国,
C-da58aca7fb,Salamanders,火蜥蜴,"火蜥蜴（15）；火蜥蜴— 89,000（1）",暂定·官方待核,16,"0176,0181,0188,0212,0213,0217,0223,0226,0248,0252,0262,0265,0283,0451,0462,0795","caption,heading,list","Salamanders 火蜥蜴— 89,000",
C-36f6ba192a,Space Wolves,太空野狼,"太空野狼（15）；太空野狼 Wolf Lord 狼主（1）；太空野狼— 95,000 ~ 100,000（1）",官方已核对,16,"0001,0176,0188,0212,0213,0220,0223,0226,0248,0252,0260,0283,0462,0777,0820,1122","heading,list",Space Wolves 太空野狼,
C-dc4e5937c8,Armoury,军械库,军械库（15）；军械（1）；军械库 Reclusiam 隐修会（1）,暂定·官方待核,15,"0119,0216,0231,0245,0313,0316,0355,0386,0393,0403,0418,0428,0451,0456,0540","article-title,heading,list",Armoury 军械库,
C-4e38fa2c66,Chapter Command,战团指挥,战团指挥（14）；连队指挥（1）,待筛选·原译候选，不代表定译,14,"0216,0231,0326,0355,0362,0386,0393,0398,0403,0418,0421,0428,0449,0451","heading,list",Chapter Command 战团指挥,
C-0f511ca3da,Heresy-era,叛乱时期,叛乱时期（10）；叛乱前（4）；叛乱时代（1）,待筛选·原译候选，不代表定译,14,"0168,0172,0186,0355,0389,0537,0558,0561,0610,0632,0735,0988,1086,1574",heading,Heresy-era 叛乱前,
C-6744845734,Imperial,帝国,帝国（16）；帝皇（1）,待筛选·原译候选，不代表定译,14,"0053,0777,0779,0793,0805,0828,0838,0844,1125,1135,1181,1286,1423,1581",heading,Imperial 帝皇,
C-a141de9aaa,Ultramarines,极限战士,"极限战士（13）；极限战士— 250,000（1）",官方已核对,14,"0176,0188,0212,0213,0217,0220,0223,0226,0248,0252,0462,0691,0781,0843","heading,list","Ultramarines 极限战士— 250,000",
C-9794ce6fb0,Blood Angels,圣血天使,"圣血天使（12）；圣血天使— 120,000（1）",官方已核对,13,"0176,0188,0213,0217,0220,0223,0248,0252,0260,0265,0462,0840,0843","heading,list","Blood Angels 圣血天使— 120,000",
C-5aac7967d0,Imperial Fists,帝国之拳,"帝国之拳（12）；帝国之拳— 100,000+（1）",暂定,13,"0176,0188,0212,0213,0223,0226,0248,0265,0462,0777,0795,0843,0980","heading,list","Imperial Fists 帝国之拳— 100,000+",
C-5c1ab5a79c,Order of Battle,战斗组织,战斗组织（10）；战斗序列（3）,待筛选·原译候选，不代表定译,13,"0769,0779,0792,0793,0795,0805,0821,0828,0834,0835,0838,0839,0843",heading,Order of Battle 战斗序列,
C-8ff31c0641,Vessels,战舰,战舰（11）；载具（2）,待筛选·原译候选，不代表定译,13,"0122,0318,0326,0332,0385,0393,0449,0487,0529,0537,0549,0554,0641",heading,Vessels 战舰,
C-248a20b62e,Background,背景,背景（11）；背景故事（1）,待筛选·原译候选，不代表定译,12,"0393,0419,0443,0444,0755,0788,0789,0829,0849,0892,0894,1114",heading,Background 背景,
C-9a093e594e,Chapter Elements,战团成员,战团成员（10）；战团元素（1）；战锤成员（1）,待筛选·原译候选，不代表定译,12,"0317,0318,0319,0322,0323,0394,0395,0397,0398,0418,0443,0448",heading,Chapter Elements 战团成员,
C-8404ea27cd,Development History,发展历史,发展历史（11）；发展史（1）,待筛选·原译候选，不代表定译,12,"0118,0124,0152,0213,0493,0520,0571,0573,0574,0579,0581,0584",heading,Development History 发展历史,
C-a0dea463a4,Early Life,早期生活,早期生活（10）；早年生活（2）,待筛选·原译候选，不代表定译,12,"0641,0647,0660,0662,0668,0669,0684,0690,0691,0698,0699,0724",heading,Early Life 早期生活,
C-c59510d496,Librarius,智库（机构）／智库学派（灵能学派）,智库（9）；智库馆（2）；智库 Apothecarion 药剂部 Chapter Fleet 战团舰队（1）,语境定译·官方待核,12,"0216,0231,0326,0355,0386,0393,0403,0418,0421,0428,0451,0456","heading,list",Librarius 智库馆,
C-75e4c1daf4,Necrons,太空死灵,死灵（10）；太空死灵（2）,官方已核对,12,"0002,0317,0584,0843,0855,1125,1265,1423,1424,1425,1575,1581","article-title,heading,list",Necrons 死灵,
C-6d1e26322d,Notable Vessels,著名战舰,著名战舰（11）；著名载具（1）,待筛选·原译候选，不代表定译,12,"0322,0325,0386,0398,0421,0446,0447,0450,0456,0540,1568,1569",heading,Notable Vessels 著名战舰,
C-699d828f3c,Raven Guard,暗鸦守卫,"暗鸦守卫（11）；暗鸦守卫 Shadow Captain 暗影连长（1）；暗鸦守卫— 80,000（1）",官方已核,12,"0176,0181,0188,0212,0213,0223,0226,0248,0252,0265,0456,0462","caption,heading,list","Raven Guard 暗鸦守卫— 80,000",
C-5d42941051,Adeptus Mechanicus,机械修会,机械神教（10）；帝国神教（1）；机械修会（1）,官方已核对,11,"0124,0820,0821,0828,0834,0835,0838,0843,1249,1424,1575","article-title,heading,list",机械神教 Adeptus Mechanicus,
C-e4d2d00b0a,Dreadnoughts,无畏,无畏（53）；无畏机甲（10）；无畏机甲7th Company 第七连队（1）,待筛选·原译候选，不代表定译,11,"0176,0329,0355,0362,0386,0393,0418,0421,0428,0451,0456","heading,list",Dreadnoughts 无畏机甲,
C-c83edc83c3,Founding,建军,建军（7）；建立（3）；成立（1）,暂定·官方待核,11,"0113,0118,0183,0215,0316,0317,0318,0386,0447,0456,0582","article-title,caption,heading",Founding 建立,
C-e70e317e94,Iron Hands,钢铁之手,"钢铁之手（10）；钢铁之手— 113,000（1）",暂定·官方待核,11,"0176,0181,0188,0212,0213,0223,0226,0260,0265,0462,0843","heading,list","Iron Hands 钢铁之手— 113,000",
C-3edd6074ed,Known Vessels,已知战舰,已知战舰（6）；著名战舰（4）；已知舰船（1）,待筛选·原译候选，不代表定译,11,"0317,0323,0331,0362,0394,0395,0396,0403,0418,0448,0464",heading,Known Vessels 已知战舰,
C-7da3fba491,Notable Engagements,著名交战,著名交战（8）；著名作战（3）,待筛选·原译候选，不代表定译,11,"0319,0419,0420,0462,0537,0540,0545,0549,0554,0561,0584",heading,Notable Engagements 著名交战,
C-4d3ee08765,Quotes,语录,语录（7）；名句（2）；名言（2）,待筛选·原译候选，不代表定译,11,"0641,0668,0682,0683,0684,0687,0692,0693,0699,0713,0720",heading,Quotes 语录,
C-f8a7ec9f50,Relics,圣物,圣物（10）；生物（1）,待筛选·原译候选，不代表定译,11,"0120,0316,0385,0393,0419,0421,0444,0448,0449,0450,0456",heading,Relics 圣物,
C-30f7a16c51,Technology,技术,技术（10）；科技（1）,待筛选·原译候选，不代表定译,11,"0013,0044,0518,0566,0567,0571,0573,0574,0583,0584,0585",heading,Technology 技术,
C-e7b1fff700,Types,类别,类别（5）；类型（4）；型号（1）；种类（1）,待筛选·原译候选，不代表定译,11,"0307,1160,1161,1179,1191,1243,1279,1286,1318,1357,1581",heading,Types 类型,
C-da22a80db1,Tyranids,泰伦虫族,泰伦（9）；泰伦虫族（2）,官方已核对,11,"0006,0579,0828,0843,0855,1125,1218,1265,1292,1575,1581","article-title,heading,list",Tyranids 泰伦,
C-08ea31c12c,Unique Troops,独特部队,独特部队（9）；独特单位（2）,待筛选·原译候选，不代表定译,11,"0355,0386,0421,0428,0451,0540,0545,0549,0554,0558,0561",heading,Unique Troops 独特部队,
C-0046136400,White Scars,白疤,"白色疤痕（10）；白色伤疤— 95,000（1）；白色疤痕 Khan 可汗（1）",官方已核,11,"0176,0188,0212,0213,0217,0223,0248,0252,0462,0828,0843","heading,list","White Scars 白色伤疤— 95,000",
C-f9925d1162,Youth,青年,青年（8）；幼年（1）；早年（1）；早期（1）,待筛选·原译候选，不代表定译,11,"0632,0640,0642,0643,0646,0659,0667,0683,0704,0708,0712",heading,Youth 青年,
C-d053a5131e,Black Templars,黑色圣堂,黑色圣堂（10）；黑色圣堂 Marshal or Castellan 元帅或堡主（1）,官方已核对,10,"0213,0219,0220,0223,0226,0248,0398,0462,0828,0843","article-title,heading,list",Black Templars 黑色圣堂,
C-b235fa130f,Company Ancient,连队旗手,连队旗手（76）；战团旗手（9）,暂定·官方待核,10,"0269,0326,0355,0386,0393,0403,0421,0428,0451,0456","caption,heading,list",Company Ancient 连队旗手,
C-7a73461ed2,Company Champion,连队冠军,连队冠军（77）；战团冠军（9）,暂定·官方待核,10,"0268,0326,0355,0386,0393,0403,0421,0428,0451,0456","article-title,caption,list",Company Champion 连队冠军,
C-f14a72b98e,Emperor's Children,帝皇之子,"帝皇之子（8）；帝国之拳（1）；帝皇之子— 110,000（1）",官方已核对,10,"0176,0188,0265,0520,0527,0529,0792,0795,0843,1123","caption,heading,list","Emperor's Children 帝皇之子— 110,000",
C-66fe0da680,Headquarters,总部,总部（9）；指挥部（1）,待筛选·原译候选，不代表定译,10,"0313,0326,0355,0386,0393,0403,0421,0428,0451,0456",heading,Headquarters 指挥部,
C-adaf5d358d,Scout Company,侦察连,侦察连队（6）；侦查连队（3）；支援连队（1）,暂定·官方待核,10,"0231,0326,0355,0386,0393,0403,0421,0428,0451,0456",heading,Scout Company 侦查连队,
C-f3cf3d6e39,Thousand Sons,千子,"千子（10）；千子— 85,000（1）",官方已核对,10,"0176,0188,0252,0520,0527,0769,0795,0834,0843,0844","heading,list","Thousand Sons 千子— 85,000",
C-78f725a58e,Age of the Dark Imperium,黑暗帝国时代,黑暗帝国时代（8）；黑暗帝国时期（1）,待筛选·原译候选，不代表定译,9,"0280,0318,0398,0634,0657,0663,0665,0717,1046",heading,Age of the Dark Imperium 黑暗帝国时期,
C-c187c975c9,Company Veterans,连队老兵,连队老兵（74）；战团老兵（9）,待筛选·原译候选，不代表定译,9,"0326,0355,0386,0393,0403,0421,0428,0451,0456",list,Company Veterans 连队老兵,
C-391444e65a,Flora and Fauna,动植物,动植物（8）；动植物群（1）,待筛选·原译候选，不代表定译,9,"0926,1008,1022,1029,1037,1042,1087,1100,1109",heading,Flora and Fauna 动植物,
C-97017b34ee,Inquisition,审判庭,审判庭（8）；审判官（1）,暂定,9,"0028,0098,0117,0484,0821,0834,0843,1386,1575","article-title,heading,list",Inquisition 审判庭,
C-9b33046ed3,Legacy,遗产,遗产（5）；遗留（4）,待筛选·原译候选，不代表定译,9,"0183,0589,0598,0611,0626,0633,0668,0697,0703",heading,Legacy 遗留,
C-36df0af10f,Recent History,近期历史,近期历史（8）；目前历史（1）,待筛选·原译候选，不代表定译,9,"0326,0362,0418,0662,0737,0980,1042,1044,1068",heading,Recent History 近期历史,
C-c2368a3344,Religion,宗教,宗教（7）；信仰（2）,待筛选·原译候选，不代表定译,9,"0018,0044,0567,0571,0574,0936,0939,0980,1008",heading,Religion 宗教,
C-f42ac6293d,Death Guard,死亡守卫,"死亡守卫（7）；死亡守卫— 95,000（1）",官方已核对,8,"0176,0188,0265,0520,0527,0795,0834,0843","heading,list","Death Guard 死亡守卫— 95,000",
C-335a2c10d3,Night Lords,午夜领主,"午夜领主（7）；午夜领主— 90,000 ~ 120,000（1）",暂定·官方待核,8,"0176,0188,0252,0265,0520,0527,0834,0843","heading,list","Night Lords 午夜领主— 90,000 ~ 120,000",
C-4800bca369,Variations,变体,变体（7）；变化（1）,待筛选·原译候选，不代表定译,8,"0189,0203,0204,0226,0249,0496,0527,0578",heading,Variations 变体,
C-7eef991fe4,Word Bearers,怀言者,"怀言者（7）；怀言者— 100,000 ~ 150,000（1）",暂定·官方待核,8,"0176,0188,0265,0520,0527,0781,0834,0843","heading,list","Word Bearers 怀言者— 100,000 ~ 150,000",
C-f6f70425c9,World Eaters,吞世者,"吞世者（7）；吞世者— 150,000（1）",官方已核对,8,"0176,0188,0265,0520,0527,0540,0795,0834","caption,heading,list","World Eaters 吞世者— 150,000",
C-e054234ced,2 Close Support Squads 2,个近战支援小队,个近战支援小队（22）；个近战支援连队（4）,待筛选·原译候选，不代表定译,7,"0326,0355,0386,0403,0421,0428,0451",list,2 Close Support Squads 2个近战支援小队,
C-5c71dc9316,Epistolaries,星语官,星语官（6）；星域官（1）,暂定·官方待核,7,"0355,0386,0393,0421,0428,0451,0456",list,Epistolaries 星域官,
C-438a772788,Etymology,词源,词源（4）；词源学（3）,待筛选·原译候选，不代表定译,7,"0084,0571,0642,0668,0695,0704,0715",heading,Etymology 词源,
C-dafd3903ff,Iron Warriors,钢铁勇士,"钢铁勇士（6）；钢铁勇士— 150,000 ~ 180,000（1）",暂定·官方待核,7,"0176,0188,0265,0520,0527,0795,0834","heading,list","Iron Warriors 钢铁勇士— 150,000 ~ 180,000",
C-b0798d5616,Known Battles,已知战斗,已知战斗（4）；著名战斗（3）,待筛选·原译候选，不代表定译,7,"0097,0120,0409,0434,0782,0804,0819",heading,Known Battles 著名战斗,
C-4d339400ff,M42,早期 噩兆方舟战役(上) Arks of Omen Campaign,早期 噩兆方舟战役(上) Arks of Omen Campaign（1）；早期 噩兆方舟战役(下) Arks of Omen Campaign（1）；早期 天使光环 Angel's Halo（1）；早期 巴尔的毁灭 Devastation of Baal（1）；普罗斯佩罗裂隙战争 Prosperan Rift War（1）；纳克蒙德裂隙战争 Nachmund Rift War（1）；黑暗帝国时代 Age of the Dark Imperium（1）,待筛选·原译候选，不代表定译,7,"0832,0835,0840,0841,0842,0843,0844",article-title,M42 黑暗帝国时代 Age of the Dark Imperium,
C-06a289afb8,Master of the Fleet,舰队大师,舰队之主（7）；舰队大师（1）；舰队大师/舰队之主（1）,暂定·官方待核,7,"0212,0217,0272,0326,0355,0393,0456","article-title,caption,heading,list",Master of the Fleet 舰队大师/舰队之主,
C-a59d44d5e5,Technical Specifications,技术信息,技术信息（10）；技术规格（2）,待筛选·原译候选，不代表定译,7,"1461,1496,1523,1525,1526,1532,1553",heading,Technical Specifications 技术信息,
C-d5707a2d36,2 Fire Support Squads 2,个火力支援小队,个火力支援小队（19）；个火力支援连队（4）,待筛选·原译候选，不代表定译,6,"0326,0355,0386,0403,0421,0428",list,2 Fire Support Squads 2个火力支援小队,
C-6e39749801,6 Battleline Squads 6,个战线小队,个战线小队（18）；个战线连队（5）,待筛选·原译候选，不代表定译,6,"0326,0355,0386,0403,0421,0428",list,6 Battleline Squads 6个战线小队,
C-fe7110fa2c,Aircraft,飞行器,飞行器（13）；空军（1）,待筛选·原译候选，不代表定译,6,"0086,0222,0421,0456,0487,0537","heading,list",Aircraft 飞行器,
C-f5c56e2efc,Centurion Warsuits,百夫长战甲,百夫长战甲（5）；百夫长战服（1）,暂定·官方待核,6,"0355,0362,0386,0428,0451,0456",list,Centurion Warsuits 百夫长战甲,
C-f9116bc3ff,Chaplaincy,教士团,隐修室（4）；牧师会（2）,暂定·官方待核,6,"0355,0386,0393,0418,0421,0428",heading,Chaplaincy 隐修室,
C-434dc5b1db,Deathwatch,死亡守望,死亡守望（6）；死亡守望 Watch Captain 守望连长（1）,官方已核对,6,"0213,0226,0248,0252,0462,0828","article-title,heading,list",Deathwatch 死亡守望,
C-1e227eecd8,Heresy,叛乱,叛乱（5）；异端（1）,待筛选·原译候选，不代表定译,6,"0037,0696,0699,0715,0929,1570","article-title,heading",异端 Heresy,
C-ff59e8b979,Hierarchy,等级制度,等级制度（5）；层级（1）,待筛选·原译候选，不代表定译,6,"0124,0155,0464,0495,0574,0584",heading,Hierarchy 等级制度,
C-51f51de698,Known Locations,著名地点,著名地点（4）；已知地点（2）,待筛选·原译候选，不代表定译,6,"0847,0930,0932,1034,1047,1100",heading,Known Locations 著名地点,
C-7c01fa8517,Known units of the Great Crusade and Horus Heresy,大远征和荷鲁斯叛乱的著名单位,大远征和荷鲁斯叛乱的著名单位（3）；大远征和荷鲁斯叛乱的已知单位（2）；大远征和荷鲁斯叛乱时期著名单位（1）,待筛选·原译候选，不代表定译,6,"0386,0451,0456,0529,0540,0554",heading,Known units of the Great Crusade and Horus Heresy 大远征和荷鲁斯叛乱的著名单位,
C-7a48a245c9,Master of Relics,遗物大师,遗物之主（3）；遗物大师（2）；圣物之主（1）；遗物大师/遗物之主（1）,暂定·官方待核,6,"0212,0217,0276,0326,0428,0456","article-title,caption,heading,list",Master of Relics 遗物大师/遗物之主,
C-80f2995b04,Red Scorpions,红蝎,红蝎（6）；红蝎 Commander 指挥官（1）,暂定·官方待核,6,"0213,0225,0248,0319,0462,0828","article-title,heading,list",Red Scorpions 红蝎,
C-2abf2786d4,18th Company,第18连队,第18连队（4）；第十八连队（1）,待筛选·原译候选，不代表定译,5,"0386,0456,0529,0540,0554",list,18th Company 第18连队,
C-3d34576fb4,Alpha Legion,阿尔法军团,"阿尔法军团（4）；阿尔法军团— 90,000 ~ 180,000（1）",暂定·官方待核,5,"0176,0188,0520,0834,0843","heading,list","Alpha Legion 阿尔法军团— 90,000 ~ 180,000",
C-4c51e5ef9d,Appearance and Abilities,外观和能力,外观和能力（2）；外貌和能力（2）；外貌与能力（1）,待筛选·原译候选，不代表定译,5,"0077,0593,0606,0648,0702",heading,Appearance and Abilities 外观和能力,
C-535ae678fd,Construction,结构,结构（2）；制造（1）；建造（1）；说明（1）,待筛选·原译候选，不代表定译,5,"0137,0245,1389,1424,1488",heading,Construction 建造,
C-f5c9bac4ce,Early Career,早期职业生涯,早期职业生涯（3）；早期生涯（1）；早期职业（1）,待筛选·原译候选，不代表定译,5,"0606,0639,0663,0665,0684",heading,Early Career 早期职业,
C-48d4e65ac9,Genestealer Cults,基因窃取者教派,基因窃取者教派（4）；基因掠夺者教派（1）,官方已核对,5,"0001,0828,0834,1125,1457","heading,list",Genestealer Cults 基因窃取者教派,
C-424ed20239,House Terryn,泰林家族,泰林家族（3）；特伦家族（2）,暂定·官方待核,5,"0152,0779,0828,0834,0843",list,House Terryn 特伦家族,
C-e01c594fbc,Known Variants,已知变体,已知变体（3）；已知型号（1）；已知种类（1）,待筛选·原译候选，不代表定译,5,"1221,1413,1457,1465,1518",heading,Known Variants 已知种类,
C-f176ae43a0,Known Vehicles,著名载具,著名载具（4）；已知载具（1）,待筛选·原译候选，不代表定译,5,"0362,0398,0421,0540,0549",heading,Known Vehicles 已知载具,
C-489b500892,Lord Executioner,处刑者领主,处刑者领主（5）；刽子手领主（1）,暂定·官方待核,5,"0212,0217,0275,0428,0456","article-title,caption,heading,list",Lord Executioner 刽子手领主,
C-a541e161d7,Master of the Arsenal,军械大师,军械之主（4）；军械大师（1）；军械大师/军械之主（1）,暂定·官方待核,5,"0212,0217,0271,0326,0428","article-title,caption,heading,list",Master of the Arsenal 军械大师/军械之主,
C-b5a717de9a,Master of the Rites,祭仪大师,祭仪大师（4）；祭仪之主（1）；祭仪大师/祭仪之主（1）,暂定·官方待核,5,"0212,0217,0274,0326,0428","article-title,caption,heading,list",Master of the Rites 祭仪大师/祭仪之主,
C-1ceade6cb8,Ork,兽人,兽人（3）；欧克（2）,待筛选·原译候选，不代表定译,5,"0052,0070,1135,1181,1191","heading,list",Ork 欧克,
C-5aa69ad624,Reclusiam,隐修圣殿,隐修室（4）；隐修会（1）,暂定·官方待核,5,"0216,0244,0326,0403,0451","article-title,heading,list",Reclusiam 隐修室,
C-ac52a56839,Scout Squads,侦察小队,侦察小队（4）；侦察兵小队（1）,待筛选·原译候选，不代表定译,5,"0355,0386,0393,0421,0428",list,Scout Squads 侦察小队,
C-ea3c07d6f7,Sons of Horus,荷鲁斯之子,"荷鲁斯之子（4）；荷鲁斯之子— 130,000 ~ 170,000（1）",暂定·官方待核,5,"0176,0188,0265,0777,0792","heading,list","Sons of Horus 荷鲁斯之子— 130,000 ~ 170,000",
C-6f306e4a04,The Nachmund Rift War,纳克蒙德走廊战争,纳克蒙德走廊战争（3）；纳克蒙德裂隙战争（2）,待筛选·原译候选，不代表定译,5,"0393,0421,0444,0447,0832",list,The Nachmund Rift War 纳克蒙德走廊战争,
C-188098b11f,Vostroyan Firstborn,沃斯特洛亚长子团,沃斯托尼亚长子团（4）；沃斯托尼亚长子（1）,暂定·官方待核,5,"0493,0828,0834,1266,1294","caption,list",Vostroyan Firstborn 沃斯托尼亚长子团,
C-6fb63848da,13th Company,第13连队,第13连队（3）；第十三连队（1）,待筛选·原译候选，不代表定译,4,"0456,0529,0537,0554",list,13th Company 第十三连队,
C-84e88e1053,Adeptus Custodes,帝皇禁军,禁军修会（3）；禁军（2）,官方已核对,4,"0010,0160,0172,0283","article-title,caption,heading,list",Adeptus Custodes 禁军,
C-628c1bf0cf,Cthonia,科索尼亚,科索尼亚（3）；冥府（1）,暂定·官方待核,4,"0386,0970,0971,0997","article-title,heading,list",Cthonia 科索尼亚,
C-b16cd81478,Deimos Pattern Predator,迪莫斯型掠食者,火卫二型掠食者（5）；火卫二型掠食者坦克（1）；火卫二掠食者（1）,暂定·官方待核,4,"1424,1465,1488,1490","article-title,caption,heading,list",Deimos Pattern Predator 火卫二型掠食者,
C-fb3cf9cb70,Escorts,护卫舰,护卫舰（3）；护卫队（1）,待筛选·原译候选，不代表定译,4,"0081,0124,0230,0487","heading,list",Escorts 护卫舰,
C-1785a93e5a,Government,政府,政府（3）；征服（1）,待筛选·原译候选，不代表定译,4,"0429,0926,0967,1078",heading,Government 政府,
C-500b03dfbe,House Cadmus,卡德摩斯家族,卡德摩斯家族（3）；卡德穆斯家族（1）,暂定·官方待核,4,"0152,0779,0805,0828",list,House Cadmus 卡德摩斯家族,
C-20f4d532d4,Imperial Bolter designs,帝国爆矢枪设计,帝国爆矢枪设计（2）；帝国爆矢设计（2）,待筛选·原译候选，不代表定译,4,"1248,1249,1250,1252",heading,Imperial Bolter designs 帝国爆矢设计,
C-afc20eefc2,Impulsor,脉冲战车（载具）／冲击者（小队名）,脉冲战车（2）；冲击者（1）；冲击者突击艇（1）,语境定译·载具官译已核,4,"0222,0223,1423,1483","caption,list",Impulsor 冲击者突击艇,
C-0052ff43cb,Later History,后期历史,后期历史（2）；后来历史（1）；后来的历史（1）,待筛选·原译候选，不代表定译,4,"0118,0972,1022,1098",heading,Later History 后来的历史,
C-2856ee3aae,Lunar Image,卫星图像,卫星图像（2）；卫星图片（2）,待筛选·原译候选，不代表定译,4,"0939,1003,1037,1102",caption,Lunar Image 卫星图像,
C-0efbd5c1f3,M31,和谐星之战 Battle of Harmony,和谐星之战 Battle of Harmony（1）；型 — 混沌星际战士使用（1）；夜曲星之战 Battle of Nocturne（1）；斑岩天使（1）,待筛选·原译候选，不代表定译,4,"0225,0763,0809,1301","article-title,list",斑岩天使 - M31,
C-d7c1200051,Master of the Marches,行军大师,行军大师（3）；行军之主（1）；行军大师/行军之主（1）,暂定·官方待核,4,"0212,0217,0273,0428","article-title,caption,list",Master of the Marches 行军大师/行军之主,
C-b372a76edc,Master of the Recruits,新兵大师,新兵之主（4）；新兵大师（1）,暂定·官方待核,4,"0217,0277,0428,0456","article-title,caption,heading,list",Master of the Recruits 新兵之主,
C-665b98a27e,Master of the Watch,守望大师,守望之主（2）；守望大师（2）；守望大师/守望之主（1）,暂定·官方待核,4,"0212,0217,0270,0428","article-title,caption,list",Master of the Watch 守望大师/守望之主,
C-c3eb6613b2,Military forces,军事部队,军事部队（3）；军事力量（1）,待筛选·原译候选，不代表定译,4,"0100,0124,0125,0573",heading,Military forces 军事部队,
C-f142fab89c,Notable Engagements Post-Heresy,叛乱后的著名交战,叛乱后的著名交战（1）；叛乱后的著名战役（1）；叛乱后著名交战（1）；叛乱后著名作战（1）,待筛选·原译候选，不代表定译,4,"0355,0529,0534,0558",heading,Notable Engagements Post-Heresy 叛乱后著名作战,
C-ee5819b60c,Notable Other Celestial Objects,著名其他天体,著名其他天体（2）；其他著名天体（1）；著名其他星体（1）,待筛选·原译候选，不代表定译,4,"0919,0954,0970,1081",heading,Notable Other Celestial Objects 著名其他天体,
C-fc08ce9ebe,Personnel,人员,人员（3）；全体人员（1）,待筛选·原译候选，不代表定译,4,"0146,0150,0170,0398",heading,Personnel 人员,
C-a01122669b,Previous editions,以前版本,以前版本（3）；旧版本（1）,待筛选·原译候选，不代表定译,4,"0355,0737,1477,1565",heading,Previous editions 以前版本,
C-dc86e639e5,Recent Events,近期事件,近期事件（2）；当前事件（1）；近期时间（1）,待筛选·原译候选，不代表定译,4,"0386,0428,0451,0456",heading,Recent Events 近期时间,
C-97afc2f770,Repulsor,反重力战车,反击者（2）；反击者坦克（2）,官方已核,4,"0222,1423,1493,1500","caption,list",Repulsor 反击者坦克,
C-6ec3c08ce5,Scout Bikes,侦察摩托,侦察摩托（2）；侦查摩托（2）,待筛选·原译候选，不代表定译,4,"0355,0386,0393,0451",list,Scout Bikes 侦查摩托,
C-8b7dfb38c7,Training and Deployment,培训和部署,培训和部署（2）；训练与部署（1）；训练和部署（1）,待筛选·原译候选，不代表定译,4,"0289,0290,0291,0304",heading,Training and Deployment 训练与部署,
C-4d68b76a40,Traitors,叛徒,叛徒（3）；叛乱派（1）,待筛选·原译候选，不代表定译,4,"0188,0781,0792,0795",heading,Traitors 叛乱派,
C-0cbbb266f4,Transports,运输车,运输车（11）；运输载具（2）；运输机（1）,待筛选·原译候选，不代表定译,4,"0124,0393,0421,0456",list,Transports 运输机,
C-dadb4a6e6e,Undated,未注明日期,未注明日期（3）；无日期（1）,待筛选·原译候选，不代表定译,4,"0362,0386,0449,0567",heading,Undated 未注明日期,
C-a0610a9402,Vanguard Librarian,先锋智库员,先锋智库（4）；先锋军智库（1）,暂定·官方待核,4,"0212,0222,0223,0253","article-title,caption,list",Vanguard Librarian 先锋智库,
C-664dd29629,Wargear and Abilities,战备与能力,战备与能力（3）；战备与能量（1）,待筛选·原译候选，不代表定译,4,"0670,0705,0706,0712",heading,Wargear and Abilities 战备与能力,
C-cc62a3ceda,Xenos,异形,异型（3）；异形（1）,暂定·官方待核,4,"0562,0835,0843,1125","article-title,heading,list",异型 Xenos,
C-e95f61e562,007.M31,康达克斯战役 Chondax Campaign,康达克斯战役 Chondax Campaign（1）；考斯之战 Battle of Calth（1）；阿拉克西斯星云之战 Battle of the Alaxxes Nebula（1）,待筛选·原译候选，不代表定译,3,"0780,0781,0783",article-title,007.M31 康达克斯战役 Chondax Campaign,
C-28cfa3a16d,999.M41,奥克塔琉斯战争 Octarius War,奥克塔琉斯战争 Octarius War（1）；泰拉远征 Terran Crusade（1）；第十三次黑色远征 13th Black Crusade（1）,待筛选·原译候选，不代表定译,3,"0828,0829,0831",article-title,999.M41- 奥克塔琉斯战争 Octarius War,
C-9eb007392d,Aeronautica Imperialis,帝国海航,帝国海航（2）；帝国空航（1）,暂定·官方待核,3,"0488,0828,1583","article-title,heading,list",帝国海航 Aeronautica Imperialis,
C-816e9d4b41,Appearance and Wargear,外貌和战备,外貌和战备（2）；外貌与战备（1）,待筛选·原译候选，不代表定译,3,"0621,0695,0697",heading,Appearance and Wargear 外貌和战备,
C-3b48825f08,Axes of the Forge,铸炉之斧,铸炉之斧（2）；锻造之斧（1）,待筛选·原译候选，不代表定译,3,"0510,0540,0835",list,Axes of the Forge 铸炉之斧,
C-111ee5322a,Beginnings,起源,起源（2）；开端（1）,待筛选·原译候选，不代表定译,3,"0584,0696,0838",heading,Beginnings 开端,
C-0de8a24fce,Bionics,仿生改造／仿生部件（依语境）,仿生（2）；仿生部件（1）,语境定译·官方待核,3,"0044,0421,1328","article-title,heading",Bionics 仿生,
C-da723b9070,Calderis,卡德里斯,卡德利斯（2）；卡尔德里（1）,暂定·官方待核,3,"0725,1076,1077","article-title,heading,list",Calderis 卡德利斯,
C-5017babf9f,Chapter Serfs,战团农奴,战团侍从（2）；战团奴工（1）,暂定·官方待核,3,"0231,0240,0393","article-title,heading,list",Chapter Serfs 战团奴工,
C-43b0a61b8c,Colour Scheme,配色,配色（2）；配色方案（1）,待筛选·原译候选，不代表定译,3,"0150,0151,0580","caption,heading",Colour Scheme 配色,
C-f055cd3955,Conquest Class Star Galleon,征服级星辰大船,征服级星桨帆船（1）；征服级星辰大船（1）；征服级星际帆船（1）,暂定·官方待核,3,"0070,0081,0484",list,Conquest Class Star Galleon 征服级星辰大船,
C-4a756ca07e,Contents,目录,目录（2）；内容（1）,待筛选·原译候选，不代表定译,3,"1111,1114,1116",heading,Contents 目录,
C-a447a8fe6b,Crew,船员,船员（2）；乘员（1）,待筛选·原译候选，不代表定译,3,"0149,0165,0230",heading,Crew 乘员,
C-405ab5d2b9,Current,当前,当前（4）；现在（1）；目前（1）,待筛选·原译候选，不代表定译,3,"0230,0317,0534",heading,Current 当前,
C-a74c0289b6,Cypra Mundi,塞浦拉·蒙迪,赛普拉·蒙迪（2）；凯普拉·蒙迪（1）,暂定·官方待核,3,"0858,0919,0925","article-title,list",Cypra Mundi 赛普拉·蒙迪,
C-ef7bf4d0d9,Deathwing Land Raider,死翼兰德掠袭者,死翼兰德掠袭者（2）；死亡守望兰德掠袭者（1）,待筛选·原译候选，不代表定译,3,"0326,0329,1500",list,Deathwing Land Raider 死翼兰德掠袭者,
C-07e24215a6,Dimmamar,迪马默,迪亚玛尔（1）；迪马玛尔（1）；迪马默（1）,暂定·官方待核,3,"0858,0919,0924","article-title,list",Dimmamar 迪马默,
C-e2d0e3ad5d,Drukhari,黑暗灵族,杜鲁卡里（2）；黑暗灵族（1）,官方已核对,3,"0070,0571,0573","article-title,heading,list",Drukhari 杜鲁卡里,
C-241101959b,Equerries and Servitors,仆役与机仆,仆役与机仆（1）；仆役和机仆（1）；侍从和机仆（1）,待筛选·原译候选，不代表定译,3,"0355,0386,0428",list,Equerries and Servitors 仆役和机仆,
C-bb50e53eea,Era Indomitus,不屈时代,不屈前期（1）；不屈时期（1）；不屈期间（1）,暂定·官方待核,3,"0168,0172,1086",heading,Era Indomitus 不屈前期,
C-c3499c2729,Example,实例,实例（2）；示例（2）,待筛选·原译候选，不代表定译,3,"0047,0583,1233","caption,heading",Example 示例,
C-bf38e6a353,Excoriators,责难者,责难者（2）；责难者 Corpus-Captain 圣体连长（1）,暂定·官方待核,3,"0241,0248,0462","heading,list",Excoriators 责难者,
C-cfcba56a88,Exorcist,驱魔人导弹车（载具）／驱魔者（舰级或职衔）,驱魔者（3）；驱魔者战车（1）,语境定译·载具官译已核,3,"0105,1465,1524","caption,list",Exorcist 驱魔者,
C-4be337562d,Fauna,动物群,动物群（2）；动物（1）,待筛选·原译候选，不代表定译,3,"1008,1039,1092",heading,Fauna 动物群,
C-dfe2db7497,General,将军,将军（2）；通用（2）,待筛选·原译候选，不代表定译,3,"0495,1218,1581","article-title,heading,list",General 将军,
C-bf8f9779a6,Gladiator,角斗士坦克,角斗士（2）；角斗士坦克（1）,暂定·官方待核,3,"0222,1423,1424",list,Gladiator 角斗士坦克,
C-4b5a157925,Grav Flux Bombard,重力通量轰击炮,重力通量轰击炮（2）；重力熔解臼炮（1）；重力熔解轰击炮（1）,暂定·官方待核,3,"1286,1291,1455","article-title,caption,list",Grav Flux Bombard 重力熔解臼炮,
C-da23394bf4,Great Crusade and Horus Heresy,大远征和荷鲁斯叛乱,大远征和荷鲁斯叛乱（2）；大远征与荷鲁斯叛乱（1）,待筛选·原译候选，不代表定译,3,"0176,0558,0980",heading,Great Crusade and Horus Heresy 大远征与荷鲁斯叛乱,
C-8ea1dbdf1e,Helix Adept,螺旋医疗员,先锋药剂师（2）；医疗兵（2）,暂定·官方待核,3,"0212,0265,0300","caption,heading,list",Helix Adept 先锋药剂师,
C-f1e73da3e3,House Taranis,塔兰尼斯家族,塔兰尼斯家族（2）；塔拉尼斯家族（1）,待筛选·原译候选，不代表定译,3,"0152,0795,0805",list,House Taranis 塔兰尼斯家族,
C-e37aca206f,House Vyronii,维罗尼家族,维罗尼家族（2）；维隆尼家族（1）,待筛选·原译候选，不代表定译,3,"0152,0779,0805",list,House Vyronii 维隆尼家族,
C-b7d5e0a0f7,Invasion of Ultramar,入侵奥特拉玛,入侵奥特拉玛（2）；奥特拉玛入侵（1）,暂定·官方待核,3,"0685,0687,1064",heading,Invasion of Ultramar 入侵奥特拉玛,
C-b9023903f8,Ipluvien Maximal,伊普露维恩·马克西姆,伊普卢维恩·马克西马尔（1）；伊普露维恩·马克西姆（1）；伊普鲁维恩·马克西姆（1）,暂定·官方待核,3,"0155,0613,0997","article-title,list",Ipluvien Maximal 伊普卢维恩·马克西马尔,
C-6e8e466a72,Iron Fist,铁拳,铁拳（2）；钢铁之拳（1）,待筛选·原译候选，不代表定译,3,"0534,1465,1469","article-title,list",Iron Fist 钢铁之拳,
C-957a40ce61,Known Named Vehicles,著名载具,著名载具（2）；已知命名载具（1）,待筛选·原译候选，不代表定译,3,"0323,0456,1527",heading,Known Named Vehicles 已知命名载具,
C-a218769987,Known Systems,已知星系,已知星系（2）；著名星系（1）,待筛选·原译候选，不代表定译,3,"1011,1013,1066",heading,Known Systems 已知星系,
C-c8a5453205,Known Titans,已知泰坦,已知泰坦（2）；著名泰坦（1）,待筛选·原译候选，不代表定译,3,"0150,0151,0549",heading,Known Titans 已知泰坦,
C-b04dec0731,Land Raider Angel Infernus,炼狱天使型兰德掠袭者战车,兰德掠袭者炼狱天使（3）；炼狱天使兰德掠袭者（1）,暂定·官方待核,3,"0403,1500,1512","article-title,caption,list",Land Raider Angel Infernus 兰德掠袭者炼狱天使,
C-f9a70d5b1b,Land Raider Ares,阿瑞斯型兰德掠袭者战车,兰德掠袭者阿瑞斯（3）；阿瑞斯兰德掠袭者（1）,暂定·官方待核,3,"0326,1500,1508","article-title,caption,list",Land Raider Ares 兰德掠袭者阿瑞斯,
C-2f2d4053c6,Land Raider Proteus,普罗透斯型兰德掠袭者,兰德掠袭者普罗透斯（3）；普罗透斯兰德掠袭者（1）,暂定·官方待核,3,"0329,1500,1506","article-title,caption,list",Land Raider Proteus 兰德掠袭者普罗透斯,
C-ea6bbeffa8,Land Raider Solemnus Aggressor,庄严侵略者型兰德掠袭者,兰德掠袭者庄严侵略者（2）；兰德掠袭庄严侵略者（1）；庄严侵略者兰德掠袭者（1）,暂定·官方待核,3,"0326,1500,1509","article-title,caption,list",Land Raider Solemnus Aggressor 兰德掠袭者庄严侵略者,
C-742b572464,Legio Fureans,愤怒者军团,愤怒者军团（2）；狂热者军团（1）,暂定·官方待核,3,"0150,0779,0805","article-title,list",愤怒者军团 Legio Fureans,
C-9e5f18f5d8,Legio Krytos,柯伊托斯军团,奎托斯军团（2）；柯伊托斯军团（1）,暂定·官方待核,3,"0779,0805,0843",list,Legio Krytos 奎托斯军团,
C-6c6d0c70c7,Magos,圣贤士,圣贤士（1）；圣贤士(贤者)（1）；贤者（1）,待筛选·原译候选，不代表定译,3,"0105,0124,0155",list,Magos 贤者,
C-45ce4438ed,Master of the Forge,铸造大师,铸造之主（1）；铸造大师（1）；铸造大师/铸造之主（1）,暂定·官方待核,3,"0212,0262,0456","article-title,heading,list",Master of the Forge 铸造大师/铸造之主,
C-13254d63a9,Quintarn,昆坦,昆塔尔（2）；昆坦（1）；昆塔恩（1）,暂定·官方待核,3,"0429,0693,1061","article-title,heading,list",Quintarn 昆塔尔,
C-bb7e75df48,Reaper,收割者号,收割者（2）；收割者号（1）,暂定·官方待核,3,"1423,1424,1530","article-title,list",Reaper 收割者,
C-6917033bf0,Rebellion,反叛,反叛（2）；叛乱（1）,待筛选·原译候选，不代表定译,3,"0018,0037,0642",heading,Rebellion 反叛,
C-fde79c7ece,Reclusiarch,隐修长,隐修士（2）；隐修长（1）,暂定·官方待核,3,"0259,0355,0386","article-title,list",隐修长 Reclusiarch,
C-ca667108aa,Recruitment and Training,招募与训练,招募与训练（2）；招募和训练（1）,待筛选·原译候选，不代表定译,3,"0168,0213,0496",heading,Recruitment and Training 招募与训练,
C-08a8fa3a7d,Renegades and Cults,变节者与教派,变节者与教派（1）；变节者和教派（1）；叛徒和教派（1）,待筛选·原译候选，不代表定译,3,"0507,0508,0509",heading,Renegades and Cults 变节者与教派,
C-906314d436,Repulsor Executioner,处决者型反重力战车,反击者处刑者（4）；反击处刑者（1）,官方已核对,3,"1423,1493,1494","article-title,caption,list",Repulsor Executioner 反击者处刑者,
C-8347402011,Rune Priest,如尼机僧,如尼机僧（2）；符文牧师（2）,待筛选·原译候选，不代表定译,3,"0124,0155,0367","article-title,caption,list",Rune Priest 如尼机僧,
C-ed7e6bfc17,Season of Blood,血之季节,血季（2）；血之季节（1）,暂定·官方待核,3,"0395,0827,1006","heading,list",Season of Blood 血之季节,
C-540f01e75b,Sol System,太阳系,太阳系（2）；太阳星系（1）,暂定·官方待核,3,"0744,0970,0984","article-title,heading,list",Sol System 太阳系,
C-cea6755b26,Stalker,追猎者,追猎者战车（2）；追猎者（1）；追猎者战车an air defense vehicle.防空载具（1）,暂定·官方待核,3,"0002,1465,1476","caption,list",Stalker 追猎者,
C-2d309ce90c,Structure,结构,结构（2）；体系（1）,待筛选·原译候选，不代表定译,3,"0137,0246,0493",heading,Structure 结构,
C-0178fa2f0f,Tarsis Ultra,塔西斯·极限,塔西斯极限（2）；塔西斯·极限（1）,暂定·官方待核,3,"0580,0690,1010","heading,list",Tarsis Ultra 塔西斯极限,
C-1d059fb7ff,The Early Crusade,远征早期,远征早期（2）；大远征早期（1）,待筛选·原译候选，不代表定译,3,"0540,0554,0748",heading,The Early Crusade 远征早期,
C-b3347ccf05,The Scourged,天灾,鞭挞者（2）；天灾（1）,暂定·官方待核,3,"0508,0834,0843",list,The Scourged 天灾,
C-5b88ae9be6,Titan,泰坦,泰坦（2）；土卫六（1）,暂定·官方待核,3,"0970,1003,1456","article-title,list",Titan 泰坦,
C-7803c12d29,Trivia and Notes,琐事和注释,琐事和注释（2）；琐事与注释（1）,待筛选·原译候选，不代表定译,3,"0549,0554,0733",heading,Trivia and Notes 琐事和注释,
C-e4c3a43803,Vagabond Class Merchant Trader,浪人级贸易商船,流浪者级贸易商船（2）；浪人级贸易商船（1）,暂定·官方待核,3,"0070,0484,0485",list,Vagabond Class Merchant Trader 浪人级贸易商船,
C-3dd822bbd6,Warhound Scout Titan,战犬侦察泰坦,战犬侦察泰坦（2）；战犬侦查泰坦（1）,待筛选·原译候选，不代表定译,3,"0149,0820,1456",list,Warhound Scout Titan 战犬侦查泰坦,
C-110632c090,Warmaster,战帅,战帅（2）；战争之主（1）,待筛选·原译候选，不代表定译,3,"0494,0495,1583","article-title,list",战帅 Warmaster,
C-f5e6644e50,000.M31,乌兰诺远征 Ullanor Crusade,乌兰诺远征 Ullanor Crusade（1）；四十二之门之战 Battle of Gate Forty-Two（1）,待筛选·原译候选，不代表定译,2,"0764,0765",article-title,000.M31 乌兰诺远征 Ullanor Crusade,
C-3f38e0879d,001-025.M42,野兽战争(警戒星)上 War of Beasts,野兽战争(警戒星)上 War of Beasts（1）；野兽战争(警戒星)下 War of Beasts（1）,待筛选·原译候选，不代表定译,2,"0833,0834",article-title,001-025.M42 野兽战争(警戒星)上 War of Beasts,
C-81220f76b8,005-006.M31,火星分裂 Schism of Mars,火星分裂 Schism of Mars（1）；西格纳斯战役 Signus Campaign（1）,待筛选·原译候选，不代表定译,2,"0772,0773",article-title,005-006.M31 西格纳斯战役 Signus Campaign,
C-391a17e35b,008.M31,德维尔之战 Battle of Dwell,德维尔之战 Battle of Dwell（1）；梅佐安战役 Mezoan Campaign（1）,待筛选·原译候选，不代表定译,2,"0789,0790",article-title,008.M31 梅佐安战役 Mezoan Campaign,
C-bc4db05470,009.M31,安维鲁斯破碎 Breaking of Anvillus,安维鲁斯破碎 Breaking of Anvillus（1）；摩洛之战 Battle of Molech（1）,待筛选·原译候选，不代表定译,2,"0793,0794",article-title,009.M31 摩洛之战 Battle of Molech,
C-6a0e512023,012.M31,特里索兰之战 Battle of Trisolian,特里索兰之战 Battle of Trisolian（1）；雅兰特之战 Battle of Yarant（1）,待筛选·原译候选，不代表定译,2,"0802,0803",article-title,012.M31 特里索兰之战 Battle of Trisolian,
C-7558295f17,10th Company,第10连队,第10连队（1）；第十连队（1）,待筛选·原译候选，不代表定译,2,"0529,0554",list,10th Company 第10连队,
C-761c8b4e2b,12th Helian Rifles,第12赫利安步枪团,第12赫利安步枪团（1）；第12赫连步枪团（1）,待筛选·原译候选，不代表定译,2,"0082,0805",list,12th Helian Rifles 第12赫连步枪团,
C-aa6d8f8c14,12th Millennial,第12千人队,第12千人队（1）；第十二千人队（1）,待筛选·原译候选，不代表定译,2,"0509,0529",list,12th Millennial 第12千人队,
C-363009b332,17th Chapter,第17战团,第17战团（1）；第十七战团（1）,待筛选·原译候选，不代表定译,2,"0456,0781",list,17th Chapter 第十七战团,
C-0618b60c4a,2 Dreadnoughts,两位无畏,两位无畏（3）；两名无畏机甲（1）,待筛选·原译候选，不代表定译,2,"0313,0464",list,2 Dreadnoughts: 两名无畏机甲,
C-6d9802e58d,29th Company,第29连队,第29连队（1）；第二十九连队（1）,待筛选·原译候选，不代表定译,2,"0456,0554",list,29th Company 第二十九连队,
C-c8ec5b76be,444.M41,第一次阿玛吉多顿战争 First War for Armageddon,第一次阿玛吉多顿战争 First War for Armageddon（1）；耻辱之月 Months of Shame（1）,待筛选·原译候选，不代表定译,2,"0821,0822",article-title,444.M41 第一次阿玛吉多顿战争 First War for Armageddon,
C-e0a0ac88be,89th Company,第89连队,第89连队（1）；第八十九连队（1）,待筛选·原译候选，不代表定译,2,"0456,0537",list,89th Company 第八十九连队,
C-bba18f9659,999.M41 - The Battle of the Boros Gate,博罗斯之门之战,博罗斯之门之战（1）；波罗斯门之战（1）,待筛选·原译候选，不代表定译,2,"0464,0584",list,999.M41 - The Battle of the Boros Gate 波罗斯门之战,
C-fe2c26bec5,Acheron,黄泉星,冥河（1）；阿刻戎（1）,暂定·官方待核,2,"0724,0900","article-title,heading",Acheron 冥河,
C-d5c420e019,Acolyte,侍从,侍从（2）；侍僧（1）,待筛选·原译候选，不代表定译,2,"0070,0105","article-title,heading,list",Acolyte 侍僧,
C-4aff4829ee,Aeldari,艾达灵族,灵族（2）；艾达灵族（1）,官方已核对,2,"0563,0571","article-title,caption,list",Aeldari 灵族,
C-89424854a3,Agripinaa Sector,阿格里皮娜星区,阿格里皮娜星区（1）；阿格里皮纳星区（1）,待筛选·原译候选，不代表定译,2,"0919,0933",list,Agripinaa Sector 阿格里皮娜星区,
C-d021b4767b,Agripinaa System,阿格里皮娜星系,阿格里皮娜星系（1）；阿格里皮纳星系（1）,待筛选·原译候选，不代表定译,2,"0919,0933",list,Agripinaa System 阿格里皮娜星系,
C-c78c4eec42,Ahmazzi,阿赫马兹,艾哈迈齐（1）；阿赫马兹（1）,暂定·官方待核,2,"0098,0100",list,Ahmazzi 阿赫马兹,
C-10267fb403,Alivia Sureka,阿利维亚·苏雷卡,阿利维亚·苏雷卡（1）；阿里维亚·苏雷卡（1）,暂定·官方待核,2,"0022,0591","article-title,list",Alivia Sureka 阿利维亚·苏雷卡,
C-c19ff2cfd5,Allies,异型,异型（1）；盟友（1）,待筛选·原译候选，不代表定译,2,"0740,1581",heading,Allies 盟友,
C-6f53e2f2f6,Antioch Miles Vesperi,安条克暮光军,安条克千人黄昏（1）；安条克黄昏战士（1）,暂定·官方待核,2,"0082,0805",list,Antioch Miles Vesperi 安条克黄昏战士,
C-2698d5df5d,Apocalypse Class Battleship,启示录级战列舰,启示录级战列舰（1）；天启级战列舰（1）,暂定·官方待核,2,"0487,1575",list,Apocalypse Class Battleship 天启级战列舰,
C-98b645bac1,Apocalypse Titan,启示录泰坦,启示录泰坦（1）；天启泰坦（1）,待筛选·原译候选，不代表定译,2,"0149,1456",list,Apocalypse Titan 天启泰坦,
C-8849055830,Aquila,天鹰,天鹰（1）；帝国天鹰（1）,暂定·官方待核,2,"0041,0076","article-title,list",帝国天鹰 Aquila,
C-4bcbf0c895,Armed Freighter,武装货舰,武装货舰（1）；武装货船（1）,暂定·官方待核,2,"0485,1581",list,Armed Freighter 武装货船,
C-7933e585a9,Arrival,到达,到达（1）；降临（1）,待筛选·原译候选，不代表定译,2,"0786,1098",heading,Arrival 到达,
C-8781fb6c7c,Ascension,升职,升职（1）；升魔（1）,待筛选·原译候选，不代表定译,2,"0699,0713",heading,Ascension 升魔,
C-dfca125891,Assassin Bolts,刺客爆矢,刺客爆矢（1）；刺客爆矢枪（1）,暂定·官方待核,2,"0316,1247","heading,list",Assassin Bolts 刺客爆矢枪,
C-a87ac4b102,Assault,攻击,攻击（1）；突击小队（1）,待筛选·原译候选，不代表定译,2,"0212,0781","heading,list",Assault 突击小队,
C-bd8d8470b8,Assault Drill,突击钻,无畏突击钻（2）；突击钻（1）,暂定·官方待核,2,"1131,1132","article-title,caption,heading",Assault Drill 无畏突击钻,
C-f1847d658f,Astraeus,阿斯特赖俄斯超重型坦克,阿斯特赖俄斯（1）；阿斯特赖俄斯超重型坦克（1）,暂定·官方待核,2,"0222,1423",list,Astraeus 阿斯特赖俄斯超重型坦克,
C-eb3ffef0bc,"Authors, Artists and Coworkers",作者、画家和同事,作者、画家和同事（1）；作者、画师和同工（1）,待筛选·原译候选，不代表定译,2,"1113,1114",heading,"Authors, Artists and Coworkers 作者、画师和同工",
C-6f1f9efea2,Auxiliary Forces,辅军部队,辅军部队（1）；辅助军（1）,待筛选·原译候选，不代表定译,2,"0124,0176",list,Auxiliary Forces 辅军部队,
C-f620e375a9,Battle of Gorro,大远征早期 戈罗之战,大远征早期 戈罗之战（1）；戈罗之战（1）,待筛选·原译候选，不代表定译,2,"0172,0757","article-title,list",Battle of Gorro 戈罗之战,
C-520cc52377,Battle of Gyros-Thravian,大远征末期 杰罗斯-萨洛维安之战,大远征末期 杰罗斯-萨洛维安之战（1）；杰罗斯-萨洛维安之战（1）,待筛选·原译候选，不代表定译,2,"0172,0758","article-title,list",Battle of Gyros-Thravian 杰罗斯-萨洛维安之战,
C-90a6d923fd,Battle of Malak,马拉克之战,马尔拉克之战（1）；马拉克之战（1）,暂定·官方待核,2,"0355,0386",list,Battle of Malak 马尔拉克之战,
C-6badb75782,Battle of Signus Prime,西格纳斯一号之战,西格纳斯一号之战（1）；西格纳斯主星之战（1）,待筛选·原译候选，不代表定译,2,"0172,0735","heading,list",Battle of Signus Prime 西格纳斯主星之战,
C-6d1e8da1e3,Battleship,战列舰,战列舰（1）；战舰（1）,待筛选·原译候选，不代表定译,2,"0076,1575","article-title,list",Battleship 战舰,
C-c0469b7c34,Be'lakor,比拉克尔,比'拉克（1）；比’拉克（1）,官方已核对,2,"0513,0805","caption,list",Be'lakor 比'拉克,
C-7b23a2daf6,Belis Corona System,贝利斯·卡罗纳星系,比利斯·卡罗那星系（1）；贝利斯·卡罗那星系（1）,暂定·官方待核,2,"0919,0933",list,Belis Corona System 比利斯·卡罗那星系,
C-2edb1b78d6,Benediction,祝福星,狂怒祝福（1）；祝福星（1）,暂定·官方待核,2,"0970,1155","article-title,list",Benediction 祝福星,
C-4671f70ef9,Beta-Garmon Star Cluster,贝塔-伽蒙星群,贝塔-伽蒙恒星群（1）；贝塔-伽蒙星群（1）,暂定·官方待核,2,"0970,0978","article-title,list",Beta-Garmon Star Cluster 贝塔-伽蒙星群,
C-de1c5ccb63,Black Pegasi,黑色飞马,黑色天马（1）；黑色飞马（1）,暂定·官方待核,2,"0225,0462",list,Black Pegasi 黑色飞马,
C-be8834d3ff,Black Reach,黑域,黑峡（1）；黑色河段（1）,暂定·官方待核,2,"0693,1019","article-title,heading",Black Reach 黑色河段,
C-b7692c95d3,Blades of Rage,怒火之刃,怒火之刃（1）；愤怒之刃（1）,待筛选·原译候选，不代表定译,2,"0510,0821",list,Blades of Rage 怒火之刃,
C-13be14d341,Blight Launcher,枯萎发射器,枯萎发射器（1）；疫病发射器（1）,暂定·官方待核,2,"0528,1221","heading,list",Blight Launcher 枯萎发射器,
C-9115784cfb,Bloodblessed,鲜血受祝,鲜血受祝（1）；鲜血赐福（1）,待筛选·原译候选，不代表定译,2,"0510,0828",list,Bloodblessed 鲜血受祝,
C-d67cca5aae,Brother,修士,修士（1）；战斗兄弟（1）,暂定·官方待核,2,"0212,0218","article-title,list",Brother 战斗兄弟,
C-e15ae0b342,Calth 5th Infantry Regiment,考斯第五步兵兵团,考斯第五步兵兵团（1）；考斯第五步兵团（1）,待筛选·原译候选，不代表定译,2,"0082,0781",list,Calth 5th Infantry Regiment 考斯第五步兵兵团,
C-aa62ca64c4,Canon Conflict,准则冲突,准则冲突（1）；标准冲突（1）,待筛选·原译候选，不代表定译,2,"0137,0769",heading,Canon Conflict 标准冲突,
C-102ffbce1c,Canon Conflicts,冲突定义,冲突定义（1）；标准冲突（1）,待筛选·原译候选，不代表定译,2,"0214,1565",heading,Canon Conflicts 冲突定义,
C-d68a221e8f,Canoness Veridyan,大修女维莉戴安,大修女维莉戴安（1）；大修女维里迪安（1）,待筛选·原译候选，不代表定译,2,"0118,0119","caption,list",Canoness Veridyan 大修女维里迪安,
C-f0c95d9ec7,Captain Al'rahem,连长阿尔·拉希姆,连长阿尔·拉希姆（1）；连长阿尔·拉赫姆（1）,待筛选·原译候选，不代表定译,2,"0493,0820",list,Captain Al'rahem 连长阿尔·拉赫姆,
C-4b83f50af9,Captivity,囚禁,囚禁（1）；监禁（1）,待筛选·原译候选，不代表定译,2,"0708,0831",heading,Captivity 囚禁,
C-1780fd45e3,Castellan Rhino,堡主犀牛,堡主犀牛（1）；堡主犀牛装甲车（1）,暂定·官方待核,2,"1465,1471","article-title,list",Castellan Rhino 堡主犀牛装甲车,
C-63a5be764e,Chainfist,无畏链锯拳,无畏链锯拳（2）；链锯拳（1）,待筛选·原译候选，不代表定译,2,"1131,1145","article-title,caption,heading",Chainfist 无畏链锯拳,
C-41c4a8cc1f,Chamber of Purity,纯洁圣堂,纯洁圣堂（1）；纯洁大厅（1）,暂定·官方待核,2,"0464,1003","heading,list",Chamber of Purity 纯洁圣堂,
C-56b80273da,Characteristics,特性,特性（1）；特点（1）,待筛选·原译候选，不代表定译,2,"0564,1570",heading,Characteristics 特性,
C-03fcceb655,Chosen of the Tetrarchy,四方领主的受选者,受选英杰（1）；英杰亲选（1）,暂定·官方待核,2,"0428,0433","article-title,list",Chosen of the Tetrarchy 受选英杰,
C-89428b36e5,Chrysis,克里西斯,克利西斯（1）；克律西斯（1）,暂定·官方待核,2,"0970,0974","article-title,list",Chrysis 克利西斯,
C-ab8916828b,Civil Fleet,民用舰队,民用舰队（1）；民用船队（1）,待筛选·原译候选，不代表定译,2,"0160,0484","heading,list",Civil Fleet 民用船队,
C-fc64991296,Clones,克隆,克隆（1）；克隆体（1）,待筛选·原译候选，不代表定译,2,"0214,0677",heading,Clones 克隆体,
C-27c8b156dd,Combat aссessory,战斗附件,战斗附件（2）；格斗配件（1）,暂定·官方待核,2,"1125,1127","article-title,caption,list",Combat aссessory 格斗配件,
C-5fa099e7be,Combat Types,战斗类,战斗类（1）；战斗类型（1）,待筛选·原译候选，不代表定译,2,"0002,0137",heading,Combat Types 战斗类,
C-60c58ad2ef,Communication,交流,交流（1）；通信（1）,待筛选·原译候选，不代表定译,2,"0018,0168",heading,Communication 通信,
C-61f55e85c5,Contemptor Pattern Dreadnought,蔑视者型无畏机甲,蔑视者型无畏（1）；蔑视者无畏（1）,暂定·官方待核,2,"1438,1452","article-title,list",Contemptor Pattern Dreadnought 蔑视者型无畏,
C-2187994ea3,Contemptor-Achillus Dreadnought,阿喀琉斯型蔑视者无畏机甲,蔑视者-阿基里斯无畏（1）；蔑视者阿基里斯无畏（1）,官方已核对,2,"1438,1452","heading,list",Contemptor-Achillus Dreadnought 蔑视者-阿基里斯无畏,
C-330b9d679e,Contemptor-Galatus Dreadnought,角斗士型蔑视者无畏机甲,蔑视者-格拉图斯无畏（1）；蔑视者加拉图斯无畏（1）,官方已核对,2,"1438,1452","heading,list",Contemptor-Galatus Dreadnought 蔑视者-格拉图斯无畏,
C-a215059f34,Coronid Deeps,科罗尼德深渊,科罗尼德深渊（1）；科罗纳德深渊（1）,暂定·官方待核,2,"0888,0919","article-title,list",科罗尼德深渊 Coronid Deeps,
C-83edbf3961,Cowled Wardens,罩袍监察者,罩袍守望（1）；罩袍监察者（1）,暂定·官方待核,2,"0327,0843",list,Cowled Wardens 罩袍守望,
C-f3a068a791,Crimson Slaughter,深红屠杀者,深红屠杀者（1）；猩红屠杀者（1）,待筛选·原译候选，不代表定译,2,"0520,0834",list,Crimson Slaughter 猩红屠杀者,
C-84c3c91309,Cultist,教徒,教徒（1）；邪教徒（1）,待筛选·原译候选，不代表定译,2,"0105,0516",caption,Cultist 教徒,
C-1ebc5db0e3,Damocles Command Rhino,达摩克利斯指挥犀牛,达摩克里斯指挥犀牛（1）；达摩克里斯指挥犀牛装甲车（1）,暂定·官方待核,2,"1465,1474","article-title,list",Damocles Command Rhino 达摩克里斯指挥犀牛装甲车,
C-63bb3cdcfb,Dark Krakens,黑暗海妖,黑暗克拉肯（1）；黑暗海妖（1）,暂定·官方待核,2,"0451,0828","heading,list",Dark Krakens 黑暗海妖,
C-ca8ac0f6c4,Darkshroud,黑幕,黑幕（1）；黑幕飞艇（1）,待筛选·原译候选，不代表定译,2,"0326,1462","caption,list",Darkshroud 黑幕,
C-65cf3c820c,Death Spectres,死亡幽灵,死亡之镰（1）；死亡幽灵（1）,暂定·官方待核,2,"0462,0820",list,Death Spectres 死亡幽灵,
C-2f2380c88d,Declates Crusade,德克莱特斯远征,德克莱特斯远征（1）；德克莱茨远征（1）,待筛选·原译候选，不代表定译,2,"0053,0393",list,Declates Crusade 德克莱特斯远征,
C-84bd5de219,Defence Monitor,防御重炮舰,防御监视器（1）；防御监视舰（1）,暂定·官方待核,2,"0487,1581",list,Defence Monitor 防御监视器,
C-dda9d83570,Deimos Pattern Vindicator,迪莫斯型维护者,火卫二型维护者（1）；火卫二型维护者坦克（1）,暂定·官方待核,2,"1465,1529","heading,list",Deimos Pattern Vindicator 火卫二型维护者坦克,
C-5c5559db76,Departmento Exacta,计校部,计校部（1）；记校部（1）,暂定·官方待核,2,"0160,0470","article-title,list",Departmento Exacta 记校部,
C-281f1baf1b,Desolation Squad,寂灭小队,寂灭小队（1）；寂灭者小队（1）,官方已核对,2,"0239,0295","article-title,list",Desolation Squad 寂灭者小队,
C-ebdd6c991f,Diocletian Coros,戴克里先·科罗斯,戴克里先·科罗斯（2）；戴克里先·克洛斯（1）,暂定·官方待核,2,"0174,0626","article-title,caption,list",Diocletian Coros 戴克里先·克洛斯,
C-9055f0cdbf,Disposition,性情,性情（1）；部署（1）,待筛选·原译候选，不代表定译,2,"0329,0386",heading,Disposition 部署,
C-8f1318dc8c,Djin Blade,幽灵之刃,幽灵之刃（1）；精怪之刃（1）,暂定·官方待核,2,"1125,1141",list,Djin Blade 幽灵之刃,
C-49fcb575f2,Doctrine,学说,学说（1）；教义（1）,待筛选·原译候选，不代表定译,2,"0157,0493",heading,Doctrine 教义,
C-2ca7d19159,Doom Eagles,末日天鹰,末日天鹰（1）；末日雄鹰（1）,暂定·官方待核,2,"0429,0462",list,Doom Eagles 末日雄鹰,
C-a55edce3fd,Dozer Blade,推土铲刀,推土机铲刀（1）；推土铲刀（1）,暂定·官方待核,2,"1416,1508","article-title,list",推土铲刀 Dozer Blade,
C-a268bda91a,Dreadnought Close Combat Weapon,无畏近战格斗武器,无畏近战格斗武器（1）；无畏近战武器（1）,待筛选·原译候选，不代表定译,2,"1131,1442","article-title,list",无畏近战格斗武器 Dreadnought Close Combat Weapon,
C-a9cf8ae6d0,Emperor of Mankind,人类帝皇,人类之主 - 帝皇(上)（1）；人类帝皇（1）,暂定,2,"0010,0588","article-title,list",Emperor of Mankind 人类帝皇,
C-83e80fd48e,Erasmus Cartavolnus,埃拉斯姆斯·卡塔沃努斯,伊拉斯谟·卡塔沃努斯（1）；埃拉斯姆斯·卡塔沃努斯（1）,暂定·官方待核,2,"0098,0100",list,Erasmus Cartavolnus 埃拉斯姆斯·卡塔沃努斯,
C-818b754303,Escort Squadrons,护卫中队,护卫中队（1）；护航舰队（1）,待筛选·原译候选，不代表定译,2,"0124,0176",list,Escort Squadrons 护卫中队,
C-87f357b5bb,Estate Imperium,帝国档案部,帝国档案局（1）；帝国档案部（1）,暂定·官方待核,2,"0160,0481","article-title,list",Estate Imperium 帝国档案局,
C-ee705e43af,Excelsior Class Craft,埃克塞尔西奥级舰艇,埃克塞尔西奥级小船（1）；精益级小船（1）,暂定·官方待核,2,"0081,0230",list,Excelsior Class Craft 精益级小船,
C-1f9245dfb2,Executioner Cannon,行刑者加农炮,刽子手炮（1）；行刑者加农炮（1）,暂定·官方待核,2,"1292,1302","article-title,list",Executioner Cannon 行刑者加农炮,
C-39af1489df,Executioner Shotgun,刽子手霰弹枪,执行者霰弹枪（2）；刽子手霰弹枪（1）,暂定·官方待核,2,"0003,1219","caption,heading,list",Executioner Shotgun 刽子手霰弹枪,
C-a5829a25d4,Exodites,流亡者/蛮荒灵族,流亡者/蛮荒灵族（1）；蛮荒灵族（1）,待筛选·原译候选，不代表定译,2,"0571,0843","heading,list",Exodites 流亡者/蛮荒灵族,
C-89583fdf19,Exsanguinator,放血器,放血者（1）；放血者号（1）,暂定·官方待核,2,"0403,0540","heading,list",Exsanguinator 放血者,
C-9300888ea1,Fasadian Heavy Infantry,法萨迪亚重步兵,法萨迪亚重步兵（1）；法萨迪安重步兵（1）,待筛选·原译候选，不代表定译,2,"0082,0779",list,Fasadian Heavy Infantry 法萨迪亚重步兵,
C-c7fcbbdfd1,Fealty,忠诚,忠诚（1）；效忠（1）,暂定·官方待核,2,"0632,1159","article-title,list",Fealty 忠诚,
C-d00e243eff,First Sphere,第一层,第一层（1）；第一界（1）,待筛选·原译候选，不代表定译,2,"0583,0798",heading,First Sphere 第一界,
C-06a1d29388,First Terran Armoured,泰拉第一装甲部队,第一泰拉装甲兵团（1）；第一泰拉装甲团（1）,暂定·官方待核,2,"0082,0805",list,First Terran Armoured 第一泰拉装甲兵团,
C-6ac17a0472,Flamers,火妖（奸奇单位）／火焰喷射器（武器）,火妖（1）；火焰枪（1）,语境定译·对应官译已核,2,"0508,1569",list,Flamers 火妖,
C-62dd973059,Flora,植物,植物（1）；植物群（1）,待筛选·原译候选，不代表定译,2,"1008,1042",heading,Flora 植物群,
C-7120e01875,Forging,大锻造,大锻造（1）；铸造（1）,待筛选·原译候选，不代表定译,2,"0678,0813","article-title,heading",Forging 铸造,
C-222b06ac34,Frateris Militia,教会民兵,修会民兵（1）；教会民兵（1）,暂定·官方待核,2,"0106,0111","article-title,heading",Frateris Militia 修会民兵,
C-8280404286,Furibundus Dreadnought,狂怒无畏机甲,富里布杜斯无畏（1）；狂怒无畏（1）,暂定·官方待核,2,"1438,1445","article-title,list",Furibundus Dreadnought 富里布杜斯无畏,
C-a67fdb23ce,Gabriel Angelos,加百列·安杰罗斯,加百列·安杰洛斯（2）；加百列·安杰罗斯（2）,暂定·官方待核,2,"0318,0724","article-title,caption,heading",Gabriel Angelos 加百列·安杰罗斯,
C-da79fd5549,Gathalamor,加塔拉莫,加塔拉莫（1）；加拉塔莫（1）,暂定·官方待核,2,"0970,0972","article-title,list",Gathalamor 加拉塔莫,
C-509abfb6d2,Gauntlet of Fire,烈焰臂铠,火焰臂铠（1）；烈焰臂铠（1）,暂定·官方待核,2,"1125,1265",list,Gauntlet of Fire 火焰臂铠,
C-d54d83ff45,Gland Warriors,腺体战士,腺体战士（1）；首席战士（1）,暂定·官方待核,2,"0024,0070","heading,list",Gland Warriors 腺体战士,
C-2b9424e958,Godwyn Ultima,戈德温—极限型,戈德温-极限（2）；戈德温-极限型（1）,暂定·官方待核,2,"1248,1249","caption,heading",Godwyn Ultima 戈德温-极限型,
C-34f2908522,Gorefists,凝血之拳,凝血之拳（1）；流血之拳（1）,待筛选·原译候选，不代表定译,2,"0510,0828",list,Gorefists 流血之拳,
C-494ecfd6b6,Grapplehawk,格斗天鹰,搏斗鹰（1）；格斗天鹰（1）,暂定·官方待核,2,"0002,1413","article-title,list",Grapplehawk 格斗天鹰,
C-08081d9253,Graviton Charge Cannon,重力充能炮,重力电荷炮（1）；重力突击炮（1）,暂定·官方待核,2,"1286,1290","article-title,list",Graviton Charge Cannon 重力电荷炮,
C-77ab464ab9,Gravius,格拉维斯,格拉维乌斯（1）；格拉维斯（1）,暂定·官方待核,2,"0451,0711","article-title,list",Gravius 格拉维斯,
C-389f964b76,Gulgor Class Assault Barque,古尔戈尔级突击船,古尔戈尔级突击三桅船（1）；尔戈尔级突击三桅船（1）,暂定·官方待核,2,"0081,0230",list,Gulgor Class Assault Barque 尔戈尔级突击三桅船,
C-cf92357a24,Gulgorahd Protectorate,古尔戈拉德保护领,古尔戈拉德保护国（1）；古尔戈拉德被保护国（1）,暂定·官方待核,2,"1010,1104",list,Gulgorahd Protectorate 古尔戈拉德保护国,
C-f7e0d8a1d4,Harakon,哈拉考,哈拉孔（1）；哈拉考（1）,暂定·官方待核,2,"0863,0957","article-title,list",Harakon 哈拉考,
C-f98f43a7d7,Harakoni Warhawks,哈拉考尼战隼,哈拉考尼战隼（1）；哈拉考尼战鹰（1）,待筛选·原译候选，不代表定译,2,"0493,0835",list,Harakoni Warhawks 哈拉考尼战隼,
C-fe82012dd8,Harald Deathwolf,哈拉尔德·死狼,哈拉尔德·死狼（2）；哈拉尔德·死亡之狼（1）,暂定·官方待核,2,"0366,0654","article-title,caption,list",Harald Deathwolf 哈拉尔德·死亡之狼,
C-6a4bd8cf61,Heathens Reaver Squad,异教徒掠夺者小队,异教徒掠夺者小队（1）；异教徒收割者小队（1）,待筛选·原译候选，不代表定译,2,"0557,0777",list,Heathens Reaver Squad 异教徒收割者小队,
C-2dcf236d7c,Heavy Laser Destroyer,重型激光毁灭炮,重型激光破坏炮（2）；重型激光毁灭炮（1）,暂定·官方待核,2,"1308,1315","caption,heading,list",Heavy Laser Destroyer 重型激光毁灭炮,
C-e8be6aff88,Hellfire Plasma Cannonade,狱火等离子大炮,地狱火等离子大炮（1）；狱火等离子大炮（1）,暂定·官方待核,2,"1292,1306","article-title,list",Hellfire Plasma Cannonade 狱火等离子大炮,
C-88e4e5ef1c,Hellshot,地狱枪,地狱射击枪（1）；地狱枪（1）,暂定·官方待核,2,"0003,1176","heading,list",Hellshot 地狱枪,
C-285cdf3442,Heretek Savant,技术异端博学者,技术异端仆人（1）；技术异端学者（1）,暂定·官方待核,2,"0105,0518","caption,list",Heretek Savant 技术异端学者,
C-ff52154636,Hierophant,圣师兽（泰伦单位）／圣职者（职衔）,圣职者（1）；教皇（1）,语境定译·泰伦单位官译已核,2,"0105,1456","heading,list",Hierophant 圣职者,
C-e72c3717bc,Hotshot Marksman Rifle,热射射手步枪,热射射手步枪（1）；热射神射手步枪（1）,暂定·官方待核,2,"0003,1308",list,Hotshot Marksman Rifle 热射射手步枪,
C-6c7095e4da,House Col'Khak,科尔’哈克家族,科尔'哈克家族（1）；科尔·哈克家族（1）,暂定·官方待核,2,"0152,0779",list,House Col'Khak 科尔·哈克家族,
C-f1a446652f,House Hermetika,赫尔墨提卡家族,赫尔墨提卡家族（1）；赫梅提卡家族（1）,待筛选·原译候选，不代表定译,2,"0152,0779",list,House Hermetika 赫梅提卡家族,
C-c1861e8119,House Procon Vi,普罗孔·维家族,普罗孔家族（1）；普罗康·维家族（1）,暂定·官方待核,2,"0152,0779",list,House Procon Vi 普罗孔家族,
C-f9778ab2e0,House Vextrix,维特瑞克斯家族,维克斯特里克斯家族（1）；维克特瑞克斯家族（1）,暂定·官方待核,2,"0779,0843",list,House Vextrix 维克特瑞克斯家族,
C-3ad4fa4313,House Vornherr,沃恩赫尔家族,沃恩赫尔家族（1）；沃恩赫尔就在（1）,待筛选·原译候选，不代表定译,2,"0152,0779",list,House Vornherr 沃恩赫尔就在,
C-e75665b3f9,Howling Griffons raid reaction force during the Khymarian Raids,咆哮狮鹫在凯玛利安突袭中突袭了反应部队,咆哮狮鹫在凯玛利安突袭中突袭了反应部队（1）；咆哮狮鹫在凯玛瑞安突袭中突袭了反应部队（1）,待筛选·原译候选，不代表定译,2,"0449,0826",caption,Howling Griffons raid reaction force during the Khymarian Raids 咆哮狮鹫在凯玛利安突袭中突袭了反应部队,
C-c146efbef4,Howling Griffons Rhino Gloriam,咆哮狮鹫犀牛荣耀号,咆哮狮鹫犀牛荣耀号（1）；咆哮狮鹫犀牛装甲车辉煌号（1）,待筛选·原译候选，不代表定译,2,"1465,1466",caption,Howling Griffons Rhino Gloriam 咆哮狮鹫犀牛装甲车辉煌号,
C-268b452a1d,Ignatius Cardinal,伊格纳图斯枢机,伊格内修斯红衣主教（1）；伊格纳修斯枢机（1）,暂定·官方待核,2,"0109,0906","article-title,list",Ignatius Cardinal 伊格内修斯红衣主教,
C-2f40f135a5,Immolator,献祭者装甲车,献祭者（4）；献祭者战车（1）,官方已核对,2,"1465,1479","article-title,caption,list",Immolator 献祭者战车,
C-b782dcb69b,Imperial Dating System,帝国历法,帝国历法（1）；帝国记年系统（1）,暂定·官方待核,2,"0010,0018","heading,list",Imperial Dating System 帝国历法,
C-18c1b8ce2f,Imperial Jetbike,帝国喷气摩托,帝国喷气摩托（1）；帝国悬浮摩托（1）,待筛选·原译候选，不代表定译,2,"1423,1459","article-title,list",Imperial Jetbike 帝国悬浮摩托,
C-ef275f53cb,Indomitus Crusade Fleet Tertius,不屈远征第三舰队,不屈远征第三舰队（1）；第三不屈远征舰队（1）,暂定·官方待核,2,"0097,0836","article-title,list",第三不屈远征舰队 Indomitus Crusade Fleet Tertius,
C-2bcdc72800,Inferno Pistol,地狱火手枪,炼狱手枪（2）；地狱火手枪（1）,暂定·官方待核,2,"1276,1279","article-title,caption,heading",Inferno Pistol 地狱火手枪,
C-70056d4f1c,Infernus Class Battleship,炼狱级战列舰,地狱火级战列舰（2）；炼狱级战列舰（1）,暂定·官方待核,2,"0081,1575",list,Infernus Class Battleship 炼狱级战列舰,
C-69b0615971,Inquisitorial Black Ship,审判庭黑船,审判官黑船（2）；审判庭黑船（2）,暂定·官方待核,2,"0484,1577","article-title,caption,list",Inquisitorial Black Ship 审判庭黑船,
C-a5220d64fe,Invictor Class Heavy Frigate,不败者级重型护卫舰,不败级重型护卫舰（1）；不败者级重型护卫舰（1）,暂定·官方待核,2,"0487,1581",list,Invictor Class Heavy Frigate 不败级重型护卫舰,
C-2f866c6588,Javelin Attack Speeder,标枪突击艇,标枪攻击艇（1）；标枪突击艇（1）,暂定·官方待核,2,"1423,1463","article-title,list",Javelin Attack Speeder 标枪攻击艇,
C-ae02cf8acc,Jezzailli,杰撒里枪,杰撒里枪（1）；杰萨里枪（1）,暂定·官方待核,2,"0003,1308",list,Jezzailli 杰撒里枪,
C-f56ec36449,Jorin Bloodhowl,约林·血嚎,乔林.血嚎（1）；乔林·血嚎（1）,暂定·官方待核,2,"0365,0366",list,Jorin Bloodhowl 乔林.血嚎,
C-cbe473ed60,Khar-Zhal's Desecrators,卡尔-兹哈尔的亵渎者,卡尔-兹哈尔的亵渎者（1）；哈尔-扎尔的亵渎者（1）,待筛选·原译候选，不代表定译,2,"0510,0540",list,Khar-Zhal's Desecrators 哈尔-扎尔的亵渎者,
C-c7004c4972,Known Chapters,已知战团,已知战团（1）；著名战团（1）,待筛选·原译候选，不代表定译,2,"0241,0558",heading,Known Chapters 已知战团,
C-1bd7d9c4b9,Known Strike Forces,已知打击部队,已知打击部队（1）；著名打击部队（1）,待筛选·原译候选，不代表定译,2,"0418,0464",heading,Known Strike Forces 著名打击部队,
C-9b0e1aa409,Krakstorm Grenade Launcher,穿甲风暴榴弹发射器,破甲风暴榴弹发射器（1）；穿甲风暴榴弹发射器（1）,暂定·官方待核,2,"1221,1229","article-title,heading",Krakstorm Grenade Launcher 破甲风暴榴弹发射器,
C-fbc5411303,Land Raider Achilles,阿喀琉斯型兰德掠袭者,兰德掠袭者阿喀琉斯（2）；阿喀琉斯兰德掠袭者（1）,暂定·官方待核,2,"1500,1511","article-title,caption,list",Land Raider Achilles 兰德掠袭者阿喀琉斯,
C-1542ac8f11,Land Raider Crusader,十字军型兰德掠袭者战车,兰德掠袭者十字军（2）；十字军兰德掠袭者（1）,官方已核对,2,"1500,1504","article-title,caption,list",Land Raider Crusader 兰德掠袭者十字军,
C-5127d6fc48,Land Raider Excelsior,兰德掠袭者精毅,兰德掠袭者精毅（1）；兰德掠袭者精毅者（1）；精毅者兰德掠袭者（1）,待筛选·原译候选，不代表定译,2,"1500,1503","article-title,caption,list",Land Raider Excelsior 兰德掠袭者精毅,
C-fbc7466a7c,Land Raider Helios,赫利俄斯型兰德掠袭者战车,兰德掠袭者赫利俄斯（2）；赫利俄斯兰德掠袭者（1）,暂定·官方待核,2,"1500,1505","article-title,caption,list",Land Raider Helios 兰德掠袭者赫利俄斯,
C-237d52839f,Land Raider Prometheus,普罗米修斯型兰德掠袭者战车,兰德掠袭者普罗米修斯（1）；普罗米修斯兰德掠袭者（1）,暂定·官方待核,2,"1500,1507","article-title,list",Land Raider Prometheus 兰德掠袭者普罗米修斯,
C-12d9bb4761,Land Raider Redeemer,救赎者型兰德掠袭者战车,兰德掠袭者救赎者（1）；救赎者兰德掠袭者（1）,官方已核对,2,"1500,1502","article-title,list",Land Raider Redeemer 兰德掠袭者救赎者,
C-a8d4a552b3,Land Raider Wrath of Mjalnar,米亚尔纳之怒型兰德掠袭者战车,兰德掠袭者妙尔尼尔之怒（2）；妙尔尼尔之怒兰德掠袭者（1）,暂定·官方待核,2,"1500,1510","article-title,caption,list",Land Raider Wrath of Mjalnar 兰德掠袭者妙尔尼尔之怒,
C-182f640098,Las-Ripper,激光撕裂炮,激光开膛炮（1）；激光撕裂者（1）,暂定·官方待核,2,"1308,1314","article-title,list",Las-Ripper 激光撕裂者,
C-46f36f7dde,Laser Destroyer,激光毁灭炮,激光毁灭炮（1）；激光破坏炮（1）,暂定·官方待核,2,"1308,1315","article-title,list",Laser Destroyer 激光毁灭炮,
C-be2f044b31,Legatus Class Battleship,特使级战列舰,副将级战列舰（1）；特使级战列舰（1）,暂定·官方待核,2,"0081,1575",list,Legatus Class Battleship 副将级战列舰,
C-5f6ec89028,Leman Russ and the Wolves of Fenris march on Tizca,黎曼·罗斯和芬里斯之狼在提兹卡行军,黎曼·罗斯和芬里斯之狼在提兹卡行军（1）；黎曼·鲁斯和芬里斯之狼在提兹卡行进（1）,待筛选·原译候选，不代表定译,2,"0769,0770",caption,Leman Russ and the Wolves of Fenris march on Tizca 黎曼·鲁斯和芬里斯之狼在提兹卡行进,
C-96259e7b8c,Liberation of Saronican,萨洛尼卡解放,萨洛尼卡解放（1）；萨洛尼坎解放（1）,待筛选·原译候选，不代表定译,2,"0083,0804",list,Liberation of Saronican 萨洛尼卡解放,
C-862b3e36b2,Lion El'Jonson,莱昂·艾尔’庄森,莱昂·艾尔庄森（5）；莱恩·艾尔庄森（2）,官方已核对,2,"0214,0632","article-title,caption",Lion El'Jonson 莱恩·艾尔庄森,
C-c2e35b9740,Lost Hope,失落希望,无望星（1）；最后希望（1）,暂定·官方待核,2,"0869,0877",list,Lost Hope 最后希望,
C-f12ce72666,M'kar,姆'卡,姆'卡（1）；姆’卡（1）,待筛选·原译候选，不代表定译,2,"0670,0805","heading,list",M'kar 姆'卡,
C-77be5ecd97,M30,帝国时代 Age of the Imperium,帝国时代 Age of the Imperium（1）；末 科莱克之战 Battle of Keylek（1）,待筛选·原译候选，不代表定译,2,"0747,0762",article-title,M30- 帝国时代 Age of the Imperium,
C-a0b29a548b,M32,布松,布松（1）；恶意战士（1）,待筛选·原译候选，不代表定译,2,"0225,0335",list,恶意战士 - M32,
C-4ff4ae9096,M33,咆哮狮鹫 - 极限战士,咆哮狮鹫 - 极限战士（1）；基里曼之子 - 极限战士（1）；莫德兰（1）；阿洛肯（1）,待筛选·原译候选，不代表定译,2,"0225,0335",list,咆哮狮鹫 - 极限战士 - M33,
C-0f551afc64,M34,多恩之子 - 帝国之拳,多恩之子 - 帝国之拳（1）；阿玛洛斯（1）,待筛选·原译候选，不代表定译,2,"0225,0335",list,多恩之子 - 帝国之拳 - M34,
C-77707764e4,M36,叛教时代 Age of Apostasy,叛教时代 Age of Apostasy（1）；司仪神父（1）；火之天使（1）；黄金光轮（1）,待筛选·原译候选，不代表定译,2,"0225,0815","article-title,list",火之天使 - M36,
C-f6245e3ae3,M37,卡利班门徒 - 黑暗天使,卡利班门徒 - 黑暗天使（1）；美杜莎之子 - 钢铁之手（1）；血鸦 - 未知（1）；阿纳兹尔（1）,待筛选·原译候选，不代表定译,2,"0225,0335",list,血鸦 - 未知 - M37,
C-41b9ac8042,Magma City,岩浆城,岩浆城（1）；马格马城（1）,暂定·官方待核,2,"0997,0999","article-title,list",Magma City 马格马城,
C-3756446fa7,Magos Arkhan Land,贤者阿坎·兰德,贤者阿坎·兰德（1）；贤者阿坎兰德（1）,待筛选·原译候选，不代表定译,2,"0156,0611","caption,list",Magos Arkhan Land 贤者阿坎·兰德,
C-74a3c1d6be,Magos Delphan Gruss,贤者德尔凡·格鲁斯,贤者德尔凡·格鲁斯（2）；贤者德尔芬·格鲁斯（1）,待筛选·原译候选，不代表定译,2,"0124,0156","caption,list",Magos Delphan Gruss 贤者德尔芬·格鲁斯,
C-551fe9eb10,Magos Felicia Tayber,贤者菲莉希亚·泰伯尔,贤者菲莉希亚·泰伯尔（1）；贤者费利西亚·泰伯（1）,待筛选·原译候选，不代表定译,2,"0124,0156",list,Magos Felicia Tayber 贤者菲莉希亚·泰伯尔,
C-d6622189db,Magos Vianco Locard,贤者维亚科·洛卡德,贤者维亚科·洛卡德（1）；贤者维安科·洛卡德（1）,待筛选·原译候选，不代表定译,2,"0124,0156",list,Magos Vianco Locard 贤者维安科·洛卡德,
C-283cb26e84,Mandragoran Stars,曼德拉戈拉群星,曼德拉戈兰群星（1）；曼德拉戈拉群星（1）,暂定·官方待核,2,"1081,1082","article-title,list",Mandragoran Stars 曼德拉戈拉群星,
C-f1d380c055,Marduk,马尔杜克,马尔杜克（1）；马杜克（1）,暂定·官方待核,2,"0115,0117",list,Marduk 马尔杜克,
C-0ba419ad49,Master of Reconnaissance,侦察大师,侦查大师（1）；侦查大师/侦查之主（1）,暂定·官方待核,2,"0212,0278","article-title,list",Master of Reconnaissance 侦查大师/侦查之主,
C-64b04f2a77,Master of Recruits,新兵大师,新兵之主（1）；新进大师/新进之主（1）,暂定·官方待核,2,"0212,0326","heading,list",Master of Recruits 新进大师/新进之主,
C-e5e8501db0,Master of Signals,信号大师,信号之主（1）；信号大师（1）,暂定·官方待核,2,"0190,0193","article-title,heading",Master of Signals 信号之主,
C-28d3bff59f,Medical Rhino,医疗犀牛,医用犀牛装甲车（1）；医疗犀牛（1）,暂定·官方待核,2,"1465,1472","article-title,list",Medical Rhino 医用犀牛装甲车,
C-018ab37ce5,Melta Blast-Gun,热熔爆破炮,热熔爆破炮（2）；热熔爆破枪（1）,暂定·官方待核,2,"1276,1281","article-title,caption,heading",Melta Blast-Gun 热熔爆破枪,
C-669a403979,Melta Destroyer,热熔毁灭炮,热熔破坏炮（2）；热熔毁灭炮（1）,暂定·官方待核,2,"1276,1282","article-title,caption,heading",Melta Destroyer 热熔毁灭炮,
C-7cdc1cd201,Missionary Uriah Jacobus,传教士乌利亚·雅各布斯,传教士乌利亚·雅各布斯（1）；传道士乌利亚·雅各布斯（1）,暂定·官方待核,2,"0106,1219",list,Missionary Uriah Jacobus 传道士乌利亚·雅各布斯,
C-4ef6794c13,Missions,任务,任务（1）；传道修会（1）,待筛选·原译候选，不代表定译,2,"0106,0183",heading,Missions 传道修会,
C-95ee80ed9a,Mk.II,型：由终结者使用,型：由终结者使用（1）；火星型：被黑暗天使使用（1）,待筛选·原译候选，不代表定译,2,"1149,1381",list,Mk.II火星型：被黑暗天使使用,
C-f3393139f6,Mk.V,亡灵型 - 战斗修女会使用,亡灵型 - 战斗修女会使用（1）；瑞扎型：审判庭使用（1）,待筛选·原译候选，不代表定译,2,"1277,1299",list,Mk.V亡灵型 - 战斗修女会使用,
C-87b6758e43,Mortis Machina,机械之死,机械之死（1）；机械克星（1）,暂定·官方待核,2,"1147,1157","article-title,list",Mortis Machina 机械克星,
C-cc2837bba2,Mortis Rex Class Battleship,死亡之王级战列舰,死亡之王级战列舰（1）；死亡暴君级战列舰（1）,暂定·官方待核,2,"0081,1575",list,Mortis Rex Class Battleship 死亡暴君级战列舰,
C-528979c290,Naufragia,海难,海难（1）；纳夫拉基亚（1）,待筛选·原译候选，不代表定译,2,"0326,0345","article-title,list",Naufragia 纳夫拉基亚,
C-fd5d57e109,Nazdreg Ug Urdgrub,纳兹德雷格·乌骨·乌德格拉布,纳兹德雷格·乌格·乌德格拉布（1）；纳兹德雷格·乌骨·乌德格拉布（1）,暂定·官方待核,2,"0578,0740",list,Nazdreg Ug Urdgrub 纳兹德雷格·乌格·乌德格拉布,
C-82545682f5,Nemesis Force Weapon,复仇女神灵能武器,复仇女神灵能武器（1）；天罚灵能武器（1）,暂定·官方待核,2,"1167,1168","article-title,heading",Nemesis Force Weapon 复仇女神灵能武器,
C-b17d7008c7,Nemesis Tessera,涅墨西斯·泰塞拉,涅墨西斯·泰塞拉（1）；涅莫西斯·特塞拉（1）,待筛选·原译候选，不代表定译,2,"0919,0933",list,Nemesis Tessera 涅墨西斯·泰塞拉,
C-27c5e30e0f,Nephilim Jetfighter,涅菲里姆战机,拿非利喷气式战斗机（2）；拿非利喷气战斗机（2）,官方已核,2,"0326,1549","article-title,caption,list",Nephilim Jetfighter 拿非利喷气战斗机,
C-de9b8956fa,Neptune,海王星,海王星（1）；海王星（涅普顿）（1）,待筛选·原译候选，不代表定译,2,"0984,1005","article-title,list",Neptune 海王星（涅普顿）,
C-6f90c22e4c,Neutron Laser Projector,中子激光投射炮,中子激光投射器（1）；中子激光投射炮（1）,暂定·官方待核,2,"1261,1308","article-title,list",中子激光投射炮 Neutron Laser Projector,
C-3799278e70,Njal Stormcaller,风暴召唤者纳吉奥,尼加尔·唤风者（4）；尼加尔.唤风者（1）,官方已核,2,"0367,0650","article-title,caption,list",Njal Stormcaller 尼加尔.唤风者,
C-ab426b72fc,Notable Characters,著名人物,著名人物（1）；著名成员（1）,待筛选·原译候选，不代表定译,2,"0583,1123",heading,Notable Characters 著名成员,
C-71563fe7ab,Notable Groups,著名小队,著名小队（1）；著名集体（1）,待筛选·原译候选，不代表定译,2,"0068,0518",heading,Notable Groups 著名小队,
C-4b1109a115,Notable Regions,著名区域,著名区域（1）；著名帝国（1）,待筛选·原译候选，不代表定译,2,"0858,1010",heading,Notable Regions 著名区域,
C-fcf252d4b2,Ogryn,欧格林,欧格林（2）；欧格林(猿人)（1）,官方已核对,2,"0024,0025","article-title,caption,heading",Ogryn 欧格林(猿人),
C-48d5d6780b,Oracles of Change,变革神谕,万变神谕（1）；变革神谕（1）,暂定·官方待核,2,"0508,0520",list,Oracles of Change 变革神谕,
C-638af345f0,Ordo Tempestus,暴风修会,暴风修会（1）；风暴军（1）,暂定·官方待核,2,"0160,0479","article-title,list",Ordo Tempestus 风暴军,
C-1f5304dd87,Orion Class Star Clipper,俄里翁级星辰快船,俄里翁级星辰快船（1）；猎户座级星际快船（1）,暂定·官方待核,2,"0070,0485",list,Orion Class Star Clipper 俄里翁级星辰快船,
C-f32841613a,Ornsworld,奥恩斯世界,奥恩斯世界（1）；昂斯沃尔德（1）,待筛选·原译候选，不代表定译,2,"0026,0919",list,Ornsworld 奥恩斯世界,
C-b35dedab07,Other Methods,其他方式,其他方式（1）；其他方法（1）,待筛选·原译候选，不代表定译,2,"0004,0006",heading,Other Methods 其他方法,
C-af55e66463,Penitent,忏悔,忏悔者（2）；忏悔（1）,暂定·官方待核,2,"0105,0179","caption,heading",Penitent 忏悔者,
C-c128bf247f,Phobos,火卫一,火卫一（1）；火卫一（福波斯）（1）,暂定·官方待核,2,"0896,0997","article-title,list",火卫一 Phobos,
C-d349d4dc57,Pilgrimage,朝圣,朝圣（1）；朝圣之旅（1）,待筛选·原译候选，不代表定译,2,"0668,0831",heading,Pilgrimage 朝圣之旅,
C-70e8ee34ea,Plague Sword,瘟疫之剑,瘟疫之剑（1）；瘟疫剑（1）,暂定·官方待核,2,"0528,1162",list,Plague Sword 瘟疫剑,
C-3eae8ccd5b,Planetfall,行星陨落,行星陨落（1）；行星陷落（1）,待筛选·原译候选，不代表定译,2,"0835,0842",heading,Planetfall 行星陨落,
C-a2b3cb72a1,Plasma Burner,等离子燃烧枪,等离子灼烧者（1）；等离子燃烧枪（1）,暂定·官方待核,2,"1292,1298","article-title,list",Plasma Burner 等离子灼烧者,
C-6bbe6db78d,Plasma Eradicator,等离子根除炮,等离子根除者（2）；等离子根除炮（1）,暂定·官方待核,2,"1292,1303","article-title,caption,list",Plasma Eradicator 等离子根除者,
C-edf4022d4c,Plasma Exterminator,等离子灭绝枪,等离子歼灭枪（1）；等离子歼灭者（1）,暂定·官方待核,2,"1292,1300","article-title,list",Plasma Exterminator 等离子歼灭者,
C-ee7c74b135,Plasma grenade,等离子手榴弹,等离子手榴弹（1）；等离子手雷（1）,待筛选·原译候选，不代表定译,2,"1292,1357",list,Plasma grenade 等离子手雷,
C-f826bf5377,Plasma Incinerator,等离子焚化枪,等离子焚化者（2）；等离子焚化枪（1）,暂定·官方待核,2,"1292,1295","article-title,caption,list",Plasma Incinerator 等离子焚化者,
C-14a234a8be,Plasma Projector,等离子投射炮,等离子投射器（2）；等离子投射炮（1）,暂定·官方待核,2,"0230,1292",list,Plasma Projector 等离子投射炮,
C-bab45b7936,Plasma Repeater,等离子连射枪,等离子收割者（1）；等离子连发枪（1）,暂定·官方待核,2,"1294,1297","article-title,heading",Plasma Repeater 等离子收割者,
C-4041a23c37,Power Fist,动力拳,无畏动力拳（2）；动力拳（1）,官方已核对,2,"1131,1144","article-title,caption,heading",Power Fist 无畏动力拳,
C-37c61024e6,Praetoria,普雷托利亚,帕尔托利亚（1）；禁卫星（1）,暂定·官方待核,2,"1081,1095","article-title,list",Praetoria 禁卫星,
C-ccb018f5c8,Predator Annihilator,歼灭者型掠食者战车,掠食者歼灭者（1）；歼灭掠食者（1）,官方已核对,2,"0373,1488",heading,Predator Annihilator 歼灭掠食者,
C-e41bd419b7,Preparations,准备,准备（1）；备战（1）,待筛选·原译候选，不代表定译,2,"0775,0842",heading,Preparations 备战,
C-7e5f08844a,Primaris Psyker,灵能导师,灵能导师（2）；首席灵能者（1）,官方已核对,2,"0068,0105","caption,list",Primaris Psyker 灵能导师,
C-2f8ceb7754,Primary Ork Domains,主要欧克区域,主要欧克区域（1）；主要欧克领域名（1）,待筛选·原译候选，不代表定译,2,"0574,0855",caption,Primary Ork Domains 主要欧克领域名,
C-e9d4164914,Prismata System,棱阵星系,普里马塔星系（1）；棱阵星系（1）,暂定·官方待核,2,"0862,0919",list,Prismata System 棱阵星系,
C-0a0ead3e27,Ranger Long Rifle,长程步枪,游侠长步枪（1）；长程步枪（1）,暂定·官方待核,2,"0003,1308",list,Ranger Long Rifle 长程步枪,
C-fc7c1cbf22,Rapier Laser Destroyer,细剑激光毁灭炮,细剑激光破坏炮（2）；轻剑激光毁灭炮（1）,暂定·官方待核,2,"1308,1315","caption,heading,list",Rapier Laser Destroyer 轻剑激光毁灭炮,
C-ca3390bf3e,Rapier Scout Titan,刺剑侦察泰坦,猛禽侦察泰坦（1）；轻剑侦查泰坦（1）,暂定·官方待核,2,"0149,1456",list,Rapier Scout Titan 猛禽侦察泰坦,
C-d1d4ef7c6e,Razorbacks,豪猪,豪猪（8）；豪猪战车（1）,待筛选·原译候选，不代表定译,2,"0287,0326",list,Razorbacks 豪猪战车,
C-b78c62282d,Reaver Attack Squad,掠夺者攻击小队,收割者攻击小队（2）；掠夺者攻击小队（1）,暂定·官方待核,2,"0554,0557","article-title,caption,list",Reaver Attack Squad 掠夺者攻击小队,
C-5ad6df6057,Recent Actions,最近行动,最近行动（1）；近期行动（1）,待筛选·原译候选，不代表定译,2,"0637,0673",heading,Recent Actions 近期行动,
C-c7f49a4e2d,Recent Dark Eldar activity,最近的黑暗灵族活动,最近的黑暗灵族活动（1）；近期黑暗灵族行动（1）,待筛选·原译候选，不代表定译,2,"0571,0573",caption,Recent Dark Eldar activity 最近的黑暗灵族活动,
C-31908cfdfe,Reclaimator,回收士,回收士（1）；回收者（1）,待筛选·原译候选，不代表定译,2,"0105,0155",list,Reclaimator 回收者,
C-8b60e9d739,Recovery,取回,取回（1）；恢复（1）,待筛选·原译候选，不代表定译,2,"0703,1371",heading,Recovery 恢复,
C-7ff078f264,Regions,区域,区域（1）；地区（1）,待筛选·原译候选，不代表定译,2,"0888,0965",heading,Regions 地区,
C-6f82db0ad8,Relics and Artefacts,圣物与造物,圣物与造物（1）；遗物和造物（1）,待筛选·原译候选，不代表定译,2,"0386,0451",heading,Relics and Artefacts 圣物与造物,
C-07e40012b8,Repressor,镇压者装甲车,镇压者（2）；镇压者装甲车（1）,暂定·官方待核,2,"1465,1480","caption,list",Repressor 镇压者装甲车,
C-0afddbf3cc,Rhino Advancer,推进犀牛,犀牛装甲推进者（2）；推进犀牛（1）,暂定·官方待核,2,"1465,1470","article-title,list",Rhino Advancer 犀牛装甲推进者,
C-27bc21a673,Rhinos,犀牛,犀牛（7）；犀牛装甲车（1）,暂定·官方待核,2,"0287,0326",list,Rhinos 犀牛装甲车,
C-38a97947ea,Rift Cobras,裂隙眼镜蛇,裂隙王蛇（1）；裂隙蝰蛇（1）,暂定·官方待核,2,"0215,0828",list,Rift Cobras 裂隙王蛇,
C-f526539140,Rift Praetors,裂隙执政官,裂隙执政（1）；裂隙掠食者（1）,暂定·官方待核,2,"0225,0828",list,Rift Praetors 裂隙掠食者,
C-bff04069c8,Rise of the Emperor,帝皇崛起,帝皇崛起（1）；帝皇的崛起（1）,待筛选·原译候选，不代表定译,2,"0588,0747",heading,Rise of the Emperor 帝皇的崛起,
C-b9d02003dc,Rise of the Primarch,原体崛起,原体崛起（1）；原体的崛起（1）,待筛选·原译候选，不代表定译,2,"0685,0698",heading,Rise of the Primarch 原体的崛起,
C-880cf1c451,Roboute Guilliman takes the battle to the void above Calth,罗伯特·基里曼在考斯之上的虚空中战斗,罗伯特·基里曼在考斯之上的虚空中战斗（1）；罗伯特·基里曼在考斯之上的虚空战斗（1）,待筛选·原译候选，不代表定译,2,"0770,0781",caption,Roboute Guilliman takes the battle to the void above Calth 罗伯特·基里曼在考斯之上的虚空中战斗,
C-91fd3f577f,Rynn's World,瑞恩世界,林恩世界（1）；瑞恩世界（1）,暂定·官方待核,2,"1010,1073","article-title,list",Rynn's World 林恩世界,
C-bf7d22c292,Ryza 'Hellshot' Pattern Plasma Blaster,瑞扎‘地狱射击’型等离子爆破枪,瑞扎‘地狱射击’型等离子爆破枪（1）；瑞扎‘狱击’型等离子爆破枪（1）,待筛选·原译候选，不代表定译,2,"1163,1296",caption,Ryza 'Hellshot' Pattern Plasma Blaster 瑞扎‘狱击’型等离子爆破枪,
C-fd666ca34e,Sabrael,萨巴尔,萨巴尔（1）；萨巴瑞尔（1）,待筛选·原译候选，不代表定译,2,"0330,0353",list,Sabrael 萨巴瑞尔,
C-9efde94f45,Sabre Tank Hunter with Anvilus Snub Autocannon,军刀反坦克车装备安维鲁斯斥责自动炮,军刀反坦克车装备安维鲁斯斥责自动炮（1）；装备安维鲁斯斥责自动炮的军刀反坦克载具（1）,待筛选·原译候选，不代表定译,2,"1237,1240",caption,Sabre Tank Hunter with Anvilus Snub Autocannon 军刀反坦克车装备安维鲁斯斥责自动炮,
C-327ce5a457,Salamanders Techmarine with Thunderfire Cannon,火蜥蜴技术军士和雷火炮,火蜥蜴技术军士和雷火炮（1）；火蜥蜴技术军士配备雷火炮（1）,待筛选·原译候选，不代表定译,2,"0451,1521",caption,Salamanders Techmarine with Thunderfire Cannon 火蜥蜴技术军士和雷火炮,
C-9d76f0a353,Sanctum Imperialis,帝国圣所,帝国圣殿（2）；帝国圣地（1）,暂定·官方待核,2,"0991,0992","article-title,caption",Sanctum Imperialis 帝国圣地,
C-e7bb5b7d77,Sanguinary Priesthood,圣血祭司,圣血祭司（1）；圣血祭司会（1）,待筛选·原译候选，不代表定译,2,"0403,0418",heading,Sanguinary Priesthood 圣血祭司会,
C-879381eaec,Sanguinius and Ka'Bandha battle on Signus Prime,圣吉列斯和卡'班哈在西格纳斯一号上战斗,圣吉列斯和卡'班哈在西格纳斯一号上战斗（1）；圣吉列斯和卡班哈在西格纳斯主星战斗（1）,待筛选·原译候选，不代表定译,2,"0770,0772",caption,Sanguinius and Ka'Bandha battle on Signus Prime 圣吉列斯和卡班哈在西格纳斯主星战斗,
C-7222351a87,Sanguinius' stand at the Eternity Gate,圣吉列斯站在永恒之门,圣吉列斯站在永恒之门（1）；圣吉列斯站在永恒之门前（1）,待筛选·原译候选，不代表定译,2,"0668,0805",caption,Sanguinius' stand at the Eternity Gate 圣吉列斯站在永恒之门,
C-3bf7e63ecf,Scatter,散射,散射（1）；散射弹药（1）,待筛选·原译候选，不代表定译,2,"1220,1250",heading,Scatter 散射弹药,
C-8a9477f2df,Scout Bike,侦察摩托,侦察摩托（1）；侦查摩托（1）,待筛选·原译候选，不代表定译,2,"0304,1458","caption,heading",Scout Bike 侦察摩托,
C-fca8206289,Second Sphere,第二层,第二层（1）；第二界（1）,待筛选·原译候选，不代表定译,2,"0583,0798",heading,Second Sphere 第二界,
C-7e2d585c37,Secondary Escort Squadrons,次级护卫中队,次级护卫中队（1）；次级护航舰队（1）,待筛选·原译候选，不代表定译,2,"0124,0176",list,Secondary Escort Squadrons 次级护卫中队,
C-368e8c714c,Seismic Hammer,震地锤,震地锤（2）；地震锤（1）,暂定·官方待核,2,"1131,1442","caption,heading,list",Seismic Hammer 震地锤,
C-6f69eb7dc2,Selection,选拔,选拔（1）；选择（1）,待筛选·原译候选，不代表定译,2,"0234,0268",heading,Selection 选择,
C-76ff36b7b3,Shark Assault Boat,鲨鱼突击舰,鲨鱼突击舰（1）；鲨鱼突击艇（1）,待筛选·原译候选，不代表定译,2,"0081,0487",list,Shark Assault Boat 鲨鱼突击艇,
C-a3d7d1eba6,Shock Weapon,电击武器,震慑武器（1）；震撼武器（1）,暂定·官方待核,2,"1125,1161","article-title,list",Shock Weapon 震慑武器,
C-94f56e0178,Skitarii Rangers,护教军游骑兵,护教军游侠（1）；护教军猎兵（1）,官方已核对,2,"0003,0134","caption,list",Skitarii Rangers 护教军猎兵,
C-a9177ccf20,Space Marine combat knife,星际战士战斗刀,星际战士战斗刀（1）；星际战士格斗刀（1）,待筛选·原译候选，不代表定译,2,"1125,1128",caption,Space Marine combat knife 星际战士格斗刀,
C-cf84a72852,Space Marine Sniper Rifle,星际战士狙击枪,星际战士狙击步枪（2）；星际战士狙击枪（1）,暂定·官方待核,2,"0003,1176","caption,heading,list",Space Marine Sniper Rifle 星际战士狙击枪,
C-2a71d1dad1,Space Marine with Disintegration Combi-gun,星际战士装备复合分解枪,星际战士装备复合分解枪（1）；装备复合分解枪的星际战士（1）,待筛选·原译候选，不代表定译,2,"1163,1180",caption,Space Marine with Disintegration Combi-gun 星际战士装备复合分解枪,
C-9004a12881,Standard bolts,标准爆矢,标准爆矢（1）；标准重爆矢（1）,待筛选·原译候选，不代表定译,2,"1246,1247",heading,Standard bolts 标准爆矢,
C-49dd8b0e87,Standard Template Construct,标准模板构造,标准建造模板（1）；标准模板构造（1）,暂定·官方待核,2,"0052,0743","article-title,list",标准模板构造 Standard Template Construct,
C-afc1282962,Sthenelus System,斯忒涅洛斯星系,斯忒涅洛斯星系（1）；斯特内勒斯星系（1）,暂定·官方待核,2,"0919,0933",list,Sthenelus System 斯特内勒斯星系,
C-f7cd375e67,Tanith,塔尼斯,坦尼斯（1）；塔尼斯（1）,暂定·官方待核,2,"0954,0965","article-title,list",Tanith 坦尼斯,
C-433f0173be,Tau Sept Data,钛家门世界,钛家门世界（1）；钛家门数据（1）,待筛选·原译候选，不代表定译,2,"1106,1109",heading,Tau Sept Data 钛家门数据,
C-d96e03c3fa,The Lion and the Wolf,狮与狼,狮与狼（1）；狮子与狼（1）,待筛选·原译候选，不代表定译,2,"0362,0632",heading,The Lion and the Wolf 狮子与狼,
C-8c3d189db0,The Raven's Flight,暗鸦的逃离,暗鸦的逃离（1）；渡鸦之旅（1）,暂定·官方待核,2,"0181,0775",heading,The Raven's Flight 暗鸦的逃离,
C-4f1e56bb5e,Therion Cohort,圣兽大队,圣兽大队（1）；圣兽步兵大队（1）,暂定·官方待核,2,"0082,0779",list,Therion Cohort 圣兽步兵大队,
C-6dbb6c1458,Third Hand,第三之手,第三之手（1）；第三只手（1）,待筛选·原译候选，不代表定译,2,"0558,0781",list,Third Hand 第三之手,
C-2e42a2723f,Third Sphere,第三层,第三层（1）；第三界（1）,待筛选·原译候选，不代表定译,2,"0583,0798",heading,Third Sphere 第三界,
C-d240b41d71,Thirsting Brethren,饥渴兄弟,饥渴兄弟（1）；饥渴兄弟会（1）,待筛选·原译候选，不代表定译,2,"0509,0529",list,Thirsting Brethren 饥渴兄弟会,
C-e9107cfccd,Torquemada Coteaz,托尔克马达·克提兹,托克玛达·科泰兹（1）；托尔克马达·科特兹（1）,官方词根参考·全名待核,2,"0098,0100",list,Torquemada Coteaz 托尔克马达·科特兹,
C-c15e17cdfa,Tractoris Servitor,训练机仆,牵引机仆（1）；训练机仆（1）,暂定·官方待核,2,"0159,0279","article-title,list",Tractoris Servitor 牵引机仆,
C-dca46a8a0a,Transcendent Spectacle,超凡奇观,超凡奇观（1）；超越景象（1）,暂定·官方待核,2,"0509,0529",list,Transcendent Spectacle 超凡奇观,
C-92f476a897,Troop Types,部队类别,部队类别（1）；部队类型（1）,待筛选·原译候选，不代表定译,2,"0083,0362",heading,Troop Types 部队类别,
C-7086ae64a8,True Flame,真实火焰,真实之焰（1）；真实火焰（1）,暂定·官方待核,2,"0182,0779",list,True Flame 真实火焰,
C-ef293a4b20,Tsagualsa,查古尔萨,察古尔萨（1）；萨古尔萨（1）,暂定·官方待核,2,"0523,1010",list,Tsagualsa 萨古尔萨,
C-49f9769149,Turbo-laser Destructor,涡轮激光破坏炮,强力激光破坏炮（1）；涡轮激光破坏炮（1）,暂定·官方待核,2,"1308,1316","article-title,list",Turbo-laser Destructor 强力激光破坏炮,
C-aaea617476,Two Unknown Legions,两个未知军团,两个未知军团（1）；两支未知的军团（1）,待筛选·原译候选，不代表定译,2,"0176,0179","article-title,heading",Two Unknown Legions 两支未知的军团,
C-77bb92c5fc,Ultima Macharia,极限马卡里亚,极限马卡里亚（1）；终极马卡里亚（1）,暂定·官方待核,2,"0954,0969","article-title,list",Ultima Macharia 极限马卡里亚,
C-90f9b17309,Union with the Imperium,与帝国结盟,与帝国结盟（1）；与帝国联盟（1）,待筛选·原译候选，不代表定译,2,"0124,0997",heading,Union with the Imperium 与帝国联盟,
C-e0c8cb93df,Vanaheim pattern Basilisk,华纳海姆型石化蜥蜴,华纳海姆型石化蜥蜴（1）；瓦纳海姆型石化蜥蜴（1）,待筛选·原译候选，不代表定译,2,"0976,1522",caption,Vanaheim pattern Basilisk 瓦纳海姆型石化蜥蜴,
C-3ce9f23daa,Vespid,胡蜂人,胡蜂人（1）；胡蜂星（1）,暂定·官方待核,2,"0583,1010",list,Vespid 胡蜂人,
C-971828c8af,Veteran Squads,变体小队,变体小队（1）；老兵小队（1）,待筛选·原译候选，不代表定译,2,"0288,0451","heading,list",Veteran Squads 变体小队,
C-71fb612dba,Victrix Guard,常胜卫队,常胜卫队（2）；常胜护卫（1）,暂定·官方待核,2,"0428,0434","article-title,list",Victrix Guard 常胜护卫,
C-268eaf9cc4,Vindicator,维护者战车,维护者（2）；维护者坦克a short ranged siege tank短程攻城坦克（1）,官方已核对,2,"1465,1529","caption,list",Vindicator 维护者坦克a short ranged siege tank短程攻城坦克,
C-441b436f7d,Voltoris,沃尔托利斯,沃尔托利斯（1）；沃特瑞斯（1）,暂定·官方待核,2,"1010,1107","article-title,list",Voltoris 沃特瑞斯,
C-6a1cde8385,Vulcan Mega-bolters,火神巨型爆矢枪,火神巨型爆矢枪（1）；火神巨型爆矢炮（1）,待筛选·原译候选，不代表定译,2,"0149,1245",list,Vulcan Mega-bolters 火神巨型爆矢炮,
C-0d6c103c34,Vulkan Lives,沃坎永生,沃坎永生（1）；沃坎的生命（1）,暂定·官方待核,2,"0179,0708",heading,Vulkan Lives 沃坎永生,
C-9aee2b5840,War Zone Fenris,芬里斯战区,战区芬里斯（1）；芬里斯战区（1）,暂定·官方待核,2,"0647,0698",heading,War Zone Fenris 芬里斯战区,
C-5b801594ad,Warmaster Iconoclast Titan,战帅圣像破坏者泰坦,战帅圣像破坏者泰坦（1）；战帅破像者泰坦（1）,暂定·官方待核,2,"0149,1456",list,Warmaster Iconoclast Titan 战帅破像者泰坦,
C-4a67c565c6,Weapons Batteries,舰炮组,武器平台（2）；武器排炮（1）,暂定·官方待核,2,"0487,1308",list,Weapons Batteries 武器排炮,
C-407118b978,Whirlwind Scorpius,天蝎型旋风战车,旋风天蝎座（2）；天蝎型旋风战车（1）,暂定·官方待核,2,"1465,1525","caption,heading,list",Whirlwind Scorpius 天蝎型旋风战车,
C-56955123d6,Wrath,愤怒,愤怒（1）；暴怒（1）,待筛选·原译候选，不代表定译,2,"0510,1288","heading,list",Wrath 愤怒,
C-8e66d68a07,Wrist-Mounted Grenade Launcher,腕戴式榴弹发射器,腕戴式榴弹发射器（2）；腕带式榴弹发射器（1）,暂定·官方待核,2,"1221,1224","article-title,caption,heading",Wrist-Mounted Grenade Launcher 腕戴式榴弹发射器,
C-d5b29fc5ee,1 Dreadnought,一位无畏,一位无畏（1）；一名无畏（1）,待筛选·原译候选，不代表定译,1,0464,list,1 Dreadnought 一位无畏,
C-82093300bf,4 Purgation Squads,四个净化者小队,四个净化者小队（1）；四名净化者小队（1）,待筛选·原译候选，不代表定译,1,0464,list,4 Purgation Squads 四名净化者小队,
C-45f676c11e,Battle of Phall,大远征时期 法尔之战,大远征时期 法尔之战（1）；法尔之战（1）,待筛选·原译候选，不代表定译,1,0755,"article-title,heading",Battle of Phall 法尔之战,
C-a2736b0a90,Deathstrike Missile Launcher,死亡直击导弹车,死亡打击导弹发射车（2）；死亡直击导弹发射车（1）,暂定·官方待核,1,1532,"article-title,caption",Deathstrike Missile Launcher 死亡打击导弹发射车,
C-70133cc95c,Deathsworn,死誓者,死誓（1）；死誓者（1）,语境定译·官方待核,1,0372,"article-title,caption",Deathsworn 死誓者,
C-85494eff4d,Drach'nyen,德拉科'尼恩,德拉科'尼恩（1）；德拉科’尼恩（1）,待筛选·原译候选，不代表定译,1,0733,"article-title,caption",Drach'nyen 德拉科’尼恩,
C-54d1369ab9,Eldrad Ulthran,艾尔德拉德·乌瑟兰,埃尔德拉德·乌索然（2）；埃尔德拉德·乌斯兰（1）,官方已核对,1,0737,"article-title,caption",Eldrad Ulthran 埃尔德拉德·乌索然,
C-819a137612,Gatling Psilencer,灭灵加特林,天罚加特林（1）；灭灵加特林（1）,暂定·官方待核,1,1169,"caption,heading",Gatling Psilencer 灭灵加特林,
C-9ab525a4ee,Genestealer Cult,基因窃取者,基因窃取者（1）；基因窃取者教派（1）,待筛选·原译候选，不代表定译,1,0581,"article-title,caption",Genestealer Cult 基因窃取者,
C-08c3247653,Lazarus,拉撒路,拉撒路（2）；拉萨路（1）,官方已核,1,0639,"article-title,caption",Lazarus 拉撒路,
C-d3f447573c,Light Vehicle,轻型载具,轻型载具（1）；轻载具（1）,待筛选·原译候选，不代表定译,1,1423,heading,Light Vehicle 轻载具,
C-5088c53ae4,M38,扎卡戎,扎卡戎（1）；纳哈瑞尔（1）,待筛选·原译候选，不代表定译,1,0335,list,纳哈瑞尔 - M38,
C-cb676d95fb,M41的禁军元帅,加拉霍特,加拉霍特（1）；安德罗斯·朗斯德雷（1）,待筛选·原译候选，不代表定译,1,0080,list,加拉霍特 — M41的禁军元帅,
C-040acf92d2,M41禁军元帅,加拉霍斯,加拉霍斯（1）；安德罗斯·朗塞德尔（1）,待筛选·原译候选，不代表定译,1,0172,list,加拉霍斯 — M41禁军元帅,
C-b27f676ddb,M42暗鸦守卫暗影连长,伊利斯,伊利斯（1）；艾瓦尔·奎德（1）,待筛选·原译候选，不代表定译,1,0459,list,艾瓦尔·奎德 — M42暗鸦守卫暗影连长,
C-d73ef92426,Original,原初,原初（1）；起源（1）,待筛选·原译候选，不代表定译,1,0317,heading,Original 起源,
C-bdb5eb12d2,Punisher Rotary Cannon,惩罚者旋转炮,惩罚者旋转加农炮（1）；惩罚者旋转炮（1）,暂定·官方待核,1,1244,"article-title,caption",Punisher Rotary Cannon 惩罚者旋转加农炮,
C-5273f60ca3,Terminus Ultra pattern Land Raider,终极兰德掠袭者,终极兰德掠袭者（1）；终极型兰德掠袭者（1）,待筛选·原译候选，不代表定译,1,1501,"article-title,caption",Terminus Ultra pattern Land Raider 终极型兰德掠袭者,
C-293cf9a0eb,Volkite Cardanelle,爆燃臼炮,爆燃短重炮（1）；爆燃臼炮（1）,暂定·官方待核,1,1324,"article-title,caption",Volkite Cardanelle 爆燃短重炮,
C-589262c683,Volkite Cavitor,空腔爆燃铳,空腔爆燃枪（1）；空腔爆燃铳（1）,暂定·官方待核,1,1322,"article-title,caption",Volkite Cavitor 空腔爆燃枪,
