英文标准词	采用中文	译名状态	依据	定位	编辑说明
Auto-launcher	自动发射器	暂定·官方待核	所给英文底稿	篇1226	按英文语境沿现稿或修正；官方对应待核。
Ironclad Assault Launcher	铁甲突击发射器	暂定·官方待核	所给英文底稿	篇1227	按英文语境沿现稿或修正；官方对应待核。
Fragstorm Grenade Launcher	破片风暴榴弹发射器	暂定·官方待核	所给英文底稿	篇1228	按英文语境沿现稿或修正；官方对应待核。
Krakstorm Grenade Launcher	穿甲风暴榴弹发射器	暂定·官方待核	所给英文底稿	篇1229	按英文语境沿现稿或修正；官方对应待核。
Webber	射网枪	暂定·官方待核	所给英文底稿	篇1230	按英文语境沿现稿或修正；官方对应待核。
Web Pistol	射网手枪	暂定·官方待核	所给英文底稿	篇1230	按英文语境沿现稿或修正；官方对应待核。
Heavy Webber	重型射网枪	暂定·官方待核	所给英文底稿	篇1230	按英文语境沿现稿或修正；官方对应待核。
Razor Webber	剃刀射网枪	暂定·官方待核	所给英文底稿	篇1230	按英文语境沿现稿或修正；官方对应待核。
Astartes Webber	阿斯塔特射网枪	暂定·官方待核	所给英文底稿	篇1231	按英文语境沿现稿或修正；官方对应待核。
Auto Weapon	自动武器	暂定·官方待核	所给英文底稿	篇1232	按英文语境沿现稿或修正；官方对应待核。
Autogun	自动枪	暂定·官方待核	所给英文底稿	篇1232	按英文语境沿现稿或修正；官方对应待核。
Autopistol	自动手枪	暂定·官方待核	所给英文底稿	篇1232	按英文语境沿现稿或修正；官方对应待核。
Autocannon	自动炮	暂定·官方待核	所给英文底稿	篇1232	按英文语境沿现稿或修正；官方对应待核。
Macro Cannon	宏炮	暂定·官方待核	所给英文底稿	篇1232	按英文语境沿现稿或修正；官方对应待核。
Assault Cannon	突击炮	暂定·官方待核	所给英文底稿	篇1232	按英文语境沿现稿或修正；官方对应待核。
Stub Gun	短管枪	暂定·官方待核	所给英文底稿	篇1233	按英文语境沿现稿或修正；官方对应待核。
Stub Revolver	短管左轮手枪	暂定·官方待核	所给英文底稿	篇1233	按英文语境沿现稿或修正；官方对应待核。
Stub Automatic	自动短管枪	暂定·官方待核	所给英文底稿	篇1233	按英文语境沿现稿或修正；官方对应待核。
Hand Cannon	手炮	暂定·官方待核	所给英文底稿	篇1233	按英文语境沿现稿或修正；官方对应待核。
Macrostubber	宏伐木枪	暂定·官方待核	所给英文底稿	篇1233	按英文语境沿现稿或修正；官方对应待核。
Stubcarbine	短管卡宾枪	暂定·官方待核	所给英文底稿	篇1233	按英文语境沿现稿或修正；官方对应待核。
Agripinaa Mk XIV Quickdraw Stub Revolver	阿格里皮娜 Mk.XIV 快拔短管左轮手枪	暂定·官方待核	所给英文底稿	篇1233	按英文语境沿现稿或修正；官方对应待核。
Branx MkVIII	布兰克斯 Mk.VIII	暂定·官方待核	所给英文底稿	篇1233	按英文语境沿现稿或修正；官方对应待核。
Equalizer Stub Pistol	均衡者短管手枪	暂定·官方待核	所给英文底稿	篇1233	按英文语境沿现稿或修正；官方对应待核。
Hax-Orthlack Armsman-10 Pattern Service Pistol	哈克斯—奥斯拉克武装者-10型制式手枪	暂定·官方待核	所给英文底稿	篇1233	按英文语境沿现稿或修正；官方对应待核。
Ironfist Stub Revolver	铁拳短管左轮手枪	暂定·官方待核	所给英文底稿	篇1233	按英文语境沿现稿或修正；官方对应待核。
Ironhead Stub Gun	铁首短管枪	暂定·官方待核	所给英文底稿	篇1233	按英文语境沿现稿或修正；官方对应待核。
Khayer-Addin Forge	卡耶尔—阿丁铸造厂	暂定·官方待核	所给英文底稿	篇1233	按英文语境沿现稿或修正；官方对应待核。
Fate Bringer	命运使者	暂定·官方待核	所给英文底稿	篇1233	按英文语境沿现稿或修正；官方对应待核。
Lammark Combination Thousander	拉马克“千发者”复合手枪	暂定·官方待核	所给英文底稿	篇1233	按英文语境沿现稿或修正；官方对应待核。
Renner Lightburn	伦纳·莱特伯恩	暂定·官方待核	所给英文底稿	篇1233	按英文语境沿现稿或修正；官方对应待核。
Mariette Cylinder Pistol	马里埃特圆筒手枪	暂定·官方待核	所给英文底稿	篇1233	按英文语境沿现稿或修正；官方对应待核。
Phobos Stubber	火卫一伐木枪	暂定·官方待核	所给英文底稿	篇1233	按英文语境沿现稿或修正；官方对应待核。
Doru Fane	多鲁工坊	暂定·官方待核	所给英文底稿	篇1233	按英文语境沿现稿或修正；官方对应待核。
Belasco Deathworks	贝拉斯科死亡工厂	暂定·官方待核	所给英文底稿	篇1233	按英文语境沿现稿或修正；官方对应待核。
Scipio pattern	西庇阿型	暂定·官方待核	所给英文底稿	篇1233	按英文语境沿现稿或修正；官方对应待核。
Volg Mercy Killer	伏尔格“怜悯杀手”	暂定·官方待核	所给英文底稿	篇1233	按英文语境沿现稿或修正；官方对应待核。
Westingkrup Model 20 “Scalptaker” Stub Revolver	威斯汀克虏伯20型“剥头皮者”短管左轮手枪	暂定·官方待核	所给英文底稿	篇1233	按英文语境沿现稿或修正；官方对应待核。
Zarona Mk IIa Quickdraw Stub Revolver	扎罗纳 Mk.IIa 快拔短管左轮手枪	暂定·官方待核	所给英文底稿	篇1233	按英文语境沿现稿或修正；官方对应待核。
Iven Rannick	艾文·兰尼克	暂定·官方待核	所给英文底稿	篇1233	按英文语境沿现稿或修正；官方对应待核。
Lores Vibben	洛蕾斯·维本	暂定·官方待核	所给英文底稿	篇1233	按英文语境沿现稿或修正；官方对应待核。
Heavy Stubber	重机枪	暂定·官方待核	所给英文底稿	篇1234	按英文语境沿现稿或修正；官方对应待核。
Cognis Heavy Stubber	智能重机枪	暂定·官方待核	所给英文底稿	篇1234	按英文语境沿现稿或修正；官方对应待核。
Diabolus Heavy Stubber	恶魔重机枪	暂定·官方待核	所给英文底稿	篇1234	按英文语境沿现稿或修正；官方对应待核。
Questoris Heavy Stubber	巡游重机枪	暂定·官方待核	所给英文底稿	篇1234	按英文语境沿现稿或修正；官方对应待核。
Echon Pattern Mark III Assault Stubber	回声型 Mk.III 突击伐木枪	暂定·官方待核	所给英文底稿	篇1234	按英文语境沿现稿或修正；官方对应待核。
Ironhail Heavy Stubber	铁雹重机枪	暂定·官方待核	所给英文底稿	篇1234	按英文语境沿现稿或修正；官方对应待核。
Ironhead Heavy Stubber	铁首重机枪	暂定·官方待核	所给英文底稿	篇1234	按英文语境沿现稿或修正；官方对应待核。
Iron Rain	铁雨	暂定·官方待核	所给英文底稿	篇1234	按英文语境沿现稿或修正；官方对应待核。
Tempest Heavy Stubber	暴风重机枪	暂定·官方待核	所给英文底稿	篇1234	按英文语境沿现稿或修正；官方对应待核。
Volg VI “Crank Cannon” Heavy Stubber	伏尔格 VI“曲柄炮”重机枪	暂定·官方待核	所给英文底稿	篇1234	按英文语境沿现稿或修正；官方对应待核。
Rotor Cannon	转管炮	暂定·官方待核	所给英文底稿	篇1235	按英文语境沿现稿或修正；官方对应待核。
Heavy Rotor Cannon	重型转管炮	暂定·官方待核	所给英文底稿	篇1235	按英文语境沿现稿或修正；官方对应待核。
Proteus Pattern Rotor Cannon	普罗透斯型转管炮	暂定·官方待核	所给英文底稿	篇1235	按英文语境沿现稿或修正；官方对应待核。
Nomus Pattern Rotor Cannon	诺莫斯型转管炮	暂定·官方待核	所给英文底稿	篇1235	按英文语境沿现稿或修正；官方对应待核。
Obsidite Pattern Rotor Cannon	黑曜石型转管炮	暂定·官方待核	所给英文底稿	篇1235	按英文语境沿现稿或修正；官方对应待核。
Snub Rotor Cannon	短管转管炮	暂定·官方待核	所给英文底稿	篇1235	按英文语境沿现稿或修正；官方对应待核。
Voidsman-At-Arms	虚空武装水兵	暂定·官方待核	所给英文底稿	篇1235	按英文语境沿现稿或修正；官方对应待核。
Absinia Pattern Assault Cannon	阿比西尼亚型突击炮	暂定·官方待核	所给英文底稿	篇1236	按英文语境沿现稿或修正；官方对应待核。
Absolo Pattern Assault Cannon	阿布索罗型突击炮	暂定·官方待核	所给英文底稿	篇1236	按英文语境沿现稿或修正；官方对应待核。
Kheres Pattern Assault Cannon	克雷斯型突击炮	暂定·官方待核	所给英文底稿	篇1236	按英文语境沿现稿或修正；官方对应待核。
Iliastus Pattern Assault Cannon	伊利亚斯图斯型突击炮	暂定·官方待核	所给英文底稿	篇1236	按英文语境沿现稿或修正；官方对应待核。
The Dyzanique	戴赞尼克教派	暂定·官方待核	所给英文底稿	篇1236	按英文语境沿现稿或修正；官方对应待核。
Beta Anphelion IV	贝塔-安菲利翁四号星	暂定·官方待核	所给英文底稿	篇1236	按英文语境沿现稿或修正；官方对应待核。
Accelerator Autocannon	加速自动炮	暂定·官方待核	所给英文底稿	篇1237	按英文语境沿现稿或修正；官方对应待核。
Anvilus Autocannon Battery	安维鲁斯自动炮组	暂定·官方待核	所给英文底稿	篇1237	按英文语境沿现稿或修正；官方对应待核。
Anvilus Snub Autocannon	安维鲁斯短管自动炮	暂定·官方待核	所给英文底稿	篇1237	按英文语境沿现稿或修正；官方对应待核。
Armiger Autocannon	侍从自动炮	暂定·官方待核	所给英文底稿	篇1237	按英文语境沿现稿或修正；官方对应待核。
Cthon Pattern Autocannon	冥府型自动炮	暂定·官方待核	所给英文底稿	篇1237	按英文语境沿现稿或修正；官方对应待核。
Ironhail Autocannon	铁雹自动炮	暂定·官方待核	所给英文底稿	篇1237	按英文语境沿现稿或修正；官方对应待核。
Kalibrax Pattern Autocannon	卡利布拉克斯型自动炮	暂定·官方待核	所给英文底稿	篇1237	按英文语境沿现稿或修正；官方对应待核。
Magna-Coil Autocannon	麦格纳线圈自动炮	暂定·官方待核	所给英文底稿	篇1237	按英文语境沿现稿或修正；官方对应待核。
MATR Autocannon	MATR 自动炮	暂定·官方待核	所给英文底稿	篇1237	按英文语境沿现稿或修正；官方对应待核。
Mk IX Chass Fabrik pattern	Mk.IX 查斯·法布里克型	暂定·官方待核	所给英文底稿	篇1237	按英文语境沿现稿或修正；官方对应待核。
Mons Pattern Autocannon	蒙斯型自动炮	暂定·官方待核	所给英文底稿	篇1237	按英文语境沿现稿或修正；官方对应待核。
Syrtis Pattern Autocannon	赛提斯型自动炮	暂定·官方待核	所给英文底稿	篇1237	按英文语境沿现稿或修正；官方对应待核。
Hades Autocannon	冥王自动炮	暂定·官方待核	所给英文底稿	篇1237	按英文语境沿现稿或修正；官方对应待核。
Helstalker Autocannon	地狱追猎者自动炮	暂定·官方待核	所给英文底稿	篇1237	按英文语境沿现稿或修正；官方对应待核。
Reaper Autocannon	收割者自动炮	暂定·官方待核	所给英文底稿	篇1237	按英文语境沿现稿或修正；官方对应待核。
Bragg	布拉格	暂定·官方待核	所给英文底稿	篇1237	按英文语境沿现稿或修正；官方对应待核。
Lord Discordant	不谐领主	官方词根参考·简称待核	https://assets.warhammer-community.com/chi_06-05_wh40k_core%26key_munitorum_field_manual-5mrlucr2t1-fkybzzzoce.pdf ; https://assets.warhammer-community.com/eng_warhammer40000_munitorum_field_manual_march_2025-cims9ya3sg-s8j9m2haae.pdf	GW09/GW10第15页	据两版官方清单同名单位对照；不同版本点数不作对齐依据。
Hernkyn Pioneers	远行者先锋	官方已核对	https://assets.warhammer-community.com/chi_06-05_wh40k_core%26key_munitorum_field_manual-5mrlucr2t1-fkybzzzoce.pdf ; https://assets.warhammer-community.com/eng_warhammer40000_munitorum_field_manual_march_2025-cims9ya3sg-s8j9m2haae.pdf	GW09/GW10第27页	据两版官方清单同名单位对照；不同版本点数不作对齐依据。
Hernkyn Yaegirs	远行者猎手	官方已核对	https://assets.warhammer-community.com/chi_06-05_wh40k_core%26key_munitorum_field_manual-5mrlucr2t1-fkybzzzoce.pdf ; https://assets.warhammer-community.com/eng_warhammer40000_munitorum_field_manual_march_2025-cims9ya3sg-s8j9m2haae.pdf	GW09/GW10第27页	据两版官方清单同名单位对照；不同版本点数不作对齐依据。
Lord Discordant on Helstalker	骑地狱追猎者的不谐领主	官方已核对	https://assets.warhammer-community.com/chi_06-05_wh40k_core%26key_munitorum_field_manual-5mrlucr2t1-fkybzzzoce.pdf ; https://assets.warhammer-community.com/eng_warhammer40000_munitorum_field_manual_march_2025-cims9ya3sg-s8j9m2haae.pdf	GW09/GW10第15页	据两版官方清单同名单位对照；不同版本点数不作对齐依据。
Herakles Pattern	赫拉克勒斯型	暂定·官方待核	所给英文底稿	篇1239	按英文语境沿现稿或修正；官方对应待核。
Anvilus	安维鲁斯	暂定·官方待核	所给英文底稿	篇1240	按英文语境沿现稿或修正；官方对应待核。
Icarus Stormcannon Array	伊卡洛斯风暴炮阵列	暂定·官方待核	所给英文底稿	篇1241	按英文语境沿现稿或修正；官方对应待核。
Icarus Stormcannon	伊卡洛斯风暴炮	暂定·官方待核	所给英文底稿	篇1241	按英文语境沿现稿或修正；官方对应待核。
Leviathan Storm Cannon	利维坦风暴炮	暂定·官方待核	所给英文底稿	篇1242	按英文语境沿现稿或修正；官方对应待核。
Onslaught Gatling Cannon	猛攻加特林炮	暂定·官方待核	所给英文底稿	篇1243	按英文语境沿现稿或修正；官方对应待核。
Onslaught Heavy Gatling Cannon	猛攻重型加特林炮	暂定·官方待核	所给英文底稿	篇1243	按英文语境沿现稿或修正；官方对应待核。
Punisher Rotary Cannon	惩罚者旋转炮	暂定·官方待核	所给英文底稿	篇1244	按英文语境沿现稿或修正；官方对应待核。
Bolt Weapon	爆矢武器	暂定·官方待核	所给英文底稿	篇1245	按英文语境沿现稿或修正；官方对应待核。
Bolt	爆矢	暂定·官方待核	所给英文底稿	篇1245	按英文语境沿现稿或修正；官方对应待核。
Diamantine	钻金	暂定·官方待核	所给英文底稿	篇1245	按英文语境沿现稿或修正；官方对应待核。
Promethium	钷素	暂定·官方待核	所给英文底稿	篇1245	按英文语境沿现稿或修正；官方对应待核。
Iliastus Accelerator Culverin	伊利亚斯图斯加速长炮	暂定·官方待核	所给英文底稿	篇1245	按英文语境沿现稿或修正；官方对应待核。
Castigator Bolt Cannon	惩戒者爆矢加农炮	暂定·官方待核	所给英文底稿	篇1245	按英文语境沿现稿或修正；官方对应待核。
Avenger Bolt Cannon	复仇者爆矢加农炮	暂定·官方待核	所给英文底稿	篇1245	按英文语境沿现稿或修正；官方对应待核。
Mauler Bolt Cannon	狂暴者爆矢加农炮	暂定·官方待核	所给英文底稿	篇1245	按英文语境沿现稿或修正；官方对应待核。
Scatterbolt Launcher	散射爆矢发射器	暂定·官方待核	所给英文底稿	篇1245	按英文语境沿现稿或修正；官方对应待核。
Hellfire Rounds	地狱火弹	暂定·官方待核	所给英文底稿	篇1245	按英文语境沿现稿或修正；官方对应待核。
Hellfire Shell	地狱火重爆矢弹	暂定·官方待核	所给英文底稿	篇1245	按英文语境沿现稿或修正；官方对应待核。
Stalker Silenced Shells	追猎者消声弹	暂定·官方待核	所给英文底稿	篇1245	按英文语境沿现稿或修正；官方对应待核。
Asphyx Shells	窒息弹	暂定·官方待核	所给英文底稿	篇1245	按英文语境沿现稿或修正；官方对应待核。
Inferno Bolts	炼狱爆矢	暂定·官方待核	所给英文底稿	篇1245	按英文语境沿现稿或修正；官方对应待核。
Dragonfire Rounds	龙火爆矢	暂定·官方待核	所给英文底稿	篇1245	按英文语境沿现稿或修正；官方对应待核。
Odysseus Bolts	奥德修斯爆矢	暂定·官方待核	所给英文底稿	篇1245	按英文语境沿现稿或修正；官方对应待核。
Metal Storm Frag Shells	金属风暴破片弹	暂定·官方待核	所给英文底稿	篇1245	按英文语境沿现稿或修正；官方对应待核。
Kraken Pattern Penetrator Rounds	克拉肯型穿甲弹	暂定·官方待核	所给英文底稿	篇1245	按英文语境沿现稿或修正；官方对应待核。
Vengeance Rounds	复仇弹	暂定·官方待核	所给英文底稿	篇1245	按英文语境沿现稿或修正；官方对应待核。
Gas-Powered Bolts	气动爆矢	暂定·官方待核	所给英文底稿	篇1245	按英文语境沿现稿或修正；官方对应待核。
Tempest Bolts	暴风爆矢	暂定·官方待核	所给英文底稿	篇1245	按英文语境沿现稿或修正；官方对应待核。
Bloodshard Bolts	圣血破片爆矢	暂定·官方待核	所给英文底稿	篇1245	按英文语境沿现稿或修正；官方对应待核。
Banestrike Bolts	致命打击爆矢	暂定·官方待核	所给英文底稿	篇1245	按英文语境沿现稿或修正；官方对应待核。
Korvidari Bolts	暗鸦爆矢	暂定·官方待核	所给英文底稿	篇1245	按英文语境沿现稿或修正；官方对应待核。
Nullbolts	虚无爆矢	暂定·官方待核	所给英文底稿	篇1245	按英文语境沿现稿或修正；官方对应待核。
Psycannon Bolts	灵能炮爆矢	暂定·官方待核	所给英文底稿	篇1245	按英文语境沿现稿或修正；官方对应待核。
Quake Bolts	震荡爆矢	暂定·官方待核	所给英文底稿	篇1245	按英文语境沿现稿或修正；官方对应待核。
Witch Seeker Bolts	猎巫爆矢	暂定·官方待核	所给英文底稿	篇1245	按英文语境沿现稿或修正；官方对应待核。
Tranquilizer Rounds	镇静弹	暂定·官方待核	所给英文底稿	篇1245	按英文语境沿现稿或修正；官方对应待核。
Vortex Bolts	旋涡爆矢	暂定·官方待核	所给英文底稿	篇1245	按英文语境沿现稿或修正；官方对应待核。
Banebolts of Eryxia	艾瑞克西亚的灾祸爆矢	暂定·官方待核	所给英文底稿	篇1246	按英文语境沿现稿或修正；官方对应待核。
Arch-Magister Eryxia	大宗师艾瑞克西亚	暂定·官方待核	所给英文底稿	篇1246	按英文语境沿现稿或修正；官方对应待核。
Banestrike Rounds	致命打击爆矢	暂定·官方待核	所给英文底稿	篇1246	按英文语境沿现稿或修正；官方对应待核。
Black Vault Bolts	黑色穹顶爆矢	暂定·官方待核	所给英文底稿	篇1246	按英文语境沿现稿或修正；官方对应待核。
Bloodshard Shells	圣血破片爆矢	暂定·官方待核	所给英文底稿	篇1246	按英文语境沿现稿或修正；官方对应待核。
Derevenant Shells	终死弹	暂定·官方待核	所给英文底稿	篇1246	按英文语境沿现稿或修正；官方对应待核。
Fort Volossia	沃罗希亚堡	暂定·官方待核	所给英文底稿	篇1246	按英文语境沿现稿或修正；官方对应待核。
Dragonfire Bolts	龙火爆矢	暂定·官方待核	所给英文底稿	篇1246	按英文语境沿现稿或修正；官方对应待核。
Helspears	地狱之矛弹	暂定·官方待核	所给英文底稿	篇1246	按英文语境沿现稿或修正；官方对应待核。
Hyper-Growth Bolts	增生爆矢	暂定·官方待核	所给英文底稿	篇1246	按英文语境沿现稿或修正；官方对应待核。
Inertial Fusion Bolts	惯性聚变爆矢	暂定·官方待核	所给英文底稿	篇1246	按英文语境沿现稿或修正；官方对应待核。
Gas-Powered Rounds	气动爆矢	暂定·官方待核	所给英文底稿	篇1246	按英文语境沿现稿或修正；官方对应待核。
Morbidus Bolts	疫病爆矢	暂定·官方待核	所给英文底稿	篇1246	按英文语境沿现稿或修正；官方对应待核。
Reclusiam-Blessed Bolts	隐修祝福爆矢	暂定·官方待核	所给英文底稿	篇1246	按英文语境沿现稿或修正；官方对应待核。
Seeker Bolts	追踪爆矢	暂定·官方待核	所给英文底稿	篇1246	按英文语境沿现稿或修正；官方对应待核。
Thermic Penetrator Rounds	热透弹	暂定·官方待核	所给英文底稿	篇1246	按英文语境沿现稿或修正；官方对应待核。
Witchseeker Bolts	猎巫爆矢	暂定·官方待核	所给英文底稿	篇1246	按英文语境沿现稿或修正；官方对应待核。
Heavy Bolt	重爆矢	暂定·官方待核	所给英文底稿	篇1247	按英文语境沿现稿或修正；官方对应待核。
Shrapnel Bolts	破片爆矢	暂定·官方待核	所给英文底稿	篇1247	按英文语境沿现稿或修正；官方对应待核。
Assassin Bolts	刺客爆矢	暂定·官方待核	所给英文底稿	篇1247	按英文语境沿现稿或修正；官方对应待核。
Bolt Pistol	爆矢手枪	暂定·官方待核	所给英文底稿	篇1248	按英文语境沿现稿或修正；官方对应待核。
Absolvor Bolt Pistol	赦免者爆矢手枪	暂定·官方待核	所给英文底稿	篇1248	按英文语境沿现稿或修正；官方对应待核。
Eliminator Bolt Pistol	歼灭者爆矢手枪	暂定·官方待核	所给英文底稿	篇1248	按英文语境沿现稿或修正；官方对应待核。
Equis-Pattern Bolt Pistol	奔马型爆矢手枪	暂定·官方待核	所给英文底稿	篇1248	按英文语境沿现稿或修正；官方对应待核。
Guardian Bolt Pistol	守护者爆矢手枪	暂定·官方待核	所给英文底稿	篇1248	按英文语境沿现稿或修正；官方对应待核。
Godwyn-Branx Pattern Bolt Pistol	戈德温—布兰克斯型爆矢手枪	暂定·官方待核	所给英文底稿	篇1248	按英文语境沿现稿或修正；官方对应待核。
Godwyn Ultima	戈德温—极限型	暂定·官方待核	所给英文底稿	篇1248	按英文语境沿现稿或修正；官方对应待核。
Heavy Bolt Pistol	重型爆矢手枪	暂定·官方待核	所给英文底稿	篇1248	按英文语境沿现稿或修正；官方对应待核。
Special Issue Bolt Pistol	特种配发爆矢手枪	暂定·官方待核	所给英文底稿	篇1248	按英文语境沿现稿或修正；官方对应待核。
Phobos Pattern Bolt Pistol	火卫一型爆矢手枪	暂定·官方待核	所给英文底稿	篇1248	按英文语境沿现稿或修正；官方对应待核。
Ikanos Pattern Bolt Pistol	伊卡诺斯型爆矢手枪	暂定·官方待核	所给英文底稿	篇1248	按英文语境沿现稿或修正；官方对应待核。
Ryza-Ultima Bolt Pistol	瑞扎—极限型爆矢手枪	暂定·官方待核	所给英文底稿	篇1248	按英文语境沿现稿或修正；官方对应待核。
Silentus Pistol	静默手枪	暂定·官方待核	所给英文底稿	篇1248	按英文语境沿现稿或修正；官方对应待核。
Spectris Pattern Bolt Pistol	观察者型爆矢手枪	暂定·官方待核	所给英文底稿	篇1248	按英文语境沿现稿或修正；官方对应待核。
Tigrus Pattern Bolt Pistol	泰格鲁斯型爆矢手枪	暂定·官方待核	所给英文底稿	篇1248	按英文语境沿现稿或修正；官方对应待核。
Ultima Bolt Pistol	极限爆矢手枪	暂定·官方待核	所给英文底稿	篇1248	按英文语境沿现稿或修正；官方对应待核。
Umbra Bolt Pistol	阴影爆矢手枪	暂定·官方待核	所给英文底稿	篇1248	按英文语境沿现稿或修正；官方对应待核。
Umbra-Magnus Bolt Pistol	巨影爆矢手枪	暂定·官方待核	所给英文底稿	篇1248	按英文语境沿现稿或修正；官方对应待核。
Ceres Pattern Bolt Pistol	谷神星型爆矢手枪	暂定·官方待核	所给英文底稿	篇1248	按英文语境沿现稿或修正；官方对应待核。
Garm Pattern Service Bolt Pistol	加姆型制式爆矢手枪	暂定·官方待核	所给英文底稿	篇1248	按英文语境沿现稿或修正；官方对应待核。
Cinder Crag Forge	灰烬岩峰铸造厂	暂定·官方待核	所给英文底稿	篇1248	按英文语境沿现稿或修正；官方对应待核。
Mauler Bolt Pistol	重击爆矢手枪	暂定·官方待核	所给英文底稿	篇1248	按英文语境沿现稿或修正；官方对应待核。
Hesh Pattern M38 Mk.II Bolt Pistol	赫什型 M38 Mk.II 爆矢手枪	暂定·官方待核	所给英文底稿	篇1248	按英文语境沿现稿或修正；官方对应待核。
Ironhead Bolt Pistol	铁首爆矢手枪	暂定·官方待核	所给英文底稿	篇1248	按英文语境沿现稿或修正；官方对应待核。
M-six-seven-six Union Model Autobolter	M-6-7-6联盟型自动爆矢枪	暂定·官方待核	所给英文底稿	篇1248	按英文语境沿现稿或修正；官方对应待核。
Orlock Bolt Pistol	欧洛克爆矢手枪	暂定·官方待核	所给英文底稿	篇1248	按英文语境沿现稿或修正；官方对应待核。
Sacristan Bolt Pistol	司库爆矢手枪	暂定·官方待核	所给英文底稿	篇1248	按英文语境沿现稿或修正；官方对应待核。
Orthlack	奥斯拉克	暂定·官方待核	所给英文底稿	篇1248	按英文语境沿现稿或修正；官方对应待核。
Volg Spitfire Bolt Pistol	伏尔格“喷火”爆矢手枪	暂定·官方待核	所给英文底稿	篇1248	按英文语境沿现稿或修正；官方对应待核。
Scars Machina	机械伤痕	暂定·官方待核	所给英文底稿	篇1248	按英文语境沿现稿或修正；官方对应待核。
Autoch-Pattern Bolt Pistol	奥托克型爆矢手枪	暂定·官方待核	所给英文底稿	篇1248	按英文语境沿现稿或修正；官方对应待核。
Bolt Revolver	爆矢左轮	暂定·官方待核	所给英文底稿	篇1248	按英文语境沿现稿或修正；官方对应待核。
Boltgun	爆矢枪	暂定·官方待核	所给英文底稿	篇1249	按英文语境沿现稿或修正；官方对应待核。
Bolter	爆矢枪	暂定·官方待核	所给英文底稿	篇1249	按英文语境沿现稿或修正；官方对应待核。
Artifex Pattern Bolter	工匠型爆矢枪	暂定·官方待核	所给英文底稿	篇1249	按英文语境沿现稿或修正；官方对应待核。
Banestrike Bolter	致命打击爆矢枪	暂定·官方待核	所给英文底稿	篇1249	按英文语境沿现稿或修正；官方对应待核。
Cawl Pattern Bolt Rifle	考尔型爆矢步枪	暂定·官方待核	所给英文底稿	篇1249	按英文语境沿现稿或修正；官方对应待核。
Bolt Rifle	爆矢步枪	暂定·官方待核	所给英文底稿	篇1249	按英文语境沿现稿或修正；官方对应待核。
Auto Bolt Rifle	自动爆矢步枪	暂定·官方待核	所给英文底稿	篇1249	按英文语境沿现稿或修正；官方对应待核。
Stalker Bolt Rifle	追猎者爆矢步枪	暂定·官方待核	所给英文底稿	篇1249	按英文语境沿现稿或修正；官方对应待核。
Bolt Carbine	爆矢卡宾枪	暂定·官方待核	所给英文底稿	篇1249	按英文语境沿现稿或修正；官方对应待核。
Marksman Bolt Carbine	射手型爆矢卡宾枪	暂定·官方待核	所给英文底稿	篇1249	按英文语境沿现稿或修正；官方对应待核。
Instigator Bolt Carbine	煽动者爆矢卡宾枪	暂定·官方待核	所给英文底稿	篇1249	按英文语境沿现稿或修正；官方对应待核。
Occulus Bolt Carbine	全知者爆矢卡宾枪	暂定·官方待核	所给英文底稿	篇1249	按英文语境沿现稿或修正；官方对应待核。
Gravis Bolt Rifles	重装爆矢步枪	暂定·官方待核	所给英文底稿	篇1249	按英文语境沿现稿或修正；官方对应待核。
Executor Bolt Rifle	执行者爆矢步枪	暂定·官方待核	所给英文底稿	篇1249	按英文语境沿现稿或修正；官方对应待核。
Heavy Bolt Rifle	重型爆矢步枪	暂定·官方待核	所给英文底稿	篇1249	按英文语境沿现稿或修正；官方对应待核。
Hellstorm Bolt Rifle	地狱风暴爆矢步枪	暂定·官方待核	所给英文底稿	篇1249	按英文语境沿现稿或修正；官方对应待核。
Bellicos Bolt Rifle	贝利科斯爆矢步枪	暂定·官方待核	所给英文底稿	篇1249	按英文语境沿现稿或修正；官方对应待核。
Godwyn Pattern	戈德温型	暂定·官方待核	所给英文底稿	篇1249	按英文语境沿现稿或修正；官方对应待核。
Hesh Pattern Boltgun	赫什型爆矢枪	暂定·官方待核	所给英文底稿	篇1249	按英文语境沿现稿或修正；官方对应待核。
Cymbry Jamis	辛布里·贾米斯	暂定·官方待核	所给英文底稿	篇1249	按英文语境沿现稿或修正；官方对应待核。
Lion Pattern Boltgun	莱昂型爆矢枪	暂定·官方待核	所给英文底稿	篇1249	按英文语境沿现稿或修正；官方对应待核。
Caliban's Will	卡利班意志号	暂定·官方待核	所给英文底稿	篇1249	按英文语境沿现稿或修正；官方对应待核。
Olethros	奥勒罗斯	暂定·官方待核	所给英文底稿	篇1249	按英文语境沿现稿或修正；官方对应待核。
Macragge Pattern Boltgun	马库拉格型爆矢枪	暂定·官方待核	所给英文底稿	篇1249	按英文语境沿现稿或修正；官方对应待核。
Phobos R/017 Pattern	火卫一 R/017 型	暂定·官方待核	所给英文底稿	篇1249	按英文语境沿现稿或修正；官方对应待核。
Sternguard Bolter	肃卫爆矢枪	暂定·官方待核	所给英文底稿	篇1249	按英文语境沿现稿或修正；官方对应待核。
Tigrus Pattern Bolter	泰格鲁斯型爆矢枪	暂定·官方待核	所给英文底稿	篇1249	按英文语境沿现稿或修正；官方对应待核。
Ultra Pattern Boltgun	超越型爆矢枪	暂定·官方待核	所给英文底稿	篇1249	按英文语境沿现稿或修正；官方对应待核。
Umbra Pattern Boltgun	阴影型爆矢枪	暂定·官方待核	所给英文底稿	篇1249	按英文语境沿现稿或修正；官方对应待核。
Umbra-Ferrox Pattern	影铁型	暂定·官方待核	所给英文底稿	篇1249	按英文语境沿现稿或修正；官方对应待核。
Naval Boltgun	海军爆矢枪	暂定·官方待核	所给英文底稿	篇1249	按英文语境沿现稿或修正；官方对应待核。
Godwyn-De'az Pattern	戈德温—德阿兹型	暂定·官方待核	所给英文底稿	篇1249	按英文语境沿现稿或修正；官方对应待核。
Mars Pattern Mark II Scourge Boltgun	火星型 Mk.II 天灾爆矢枪	暂定·官方待核	所给英文底稿	篇1249	按英文语境沿现稿或修正；官方对应待核。
Sarissa	萨里沙	暂定·官方待核	所给英文底稿	篇1249	按英文语境沿现稿或修正；官方对应待核。
Abbey of Dawn	黎明修道院	暂定·官方待核	所给英文底稿	篇1249	按英文语境沿现稿或修正；官方对应待核。
Maxima Bolter	马克西姆爆矢枪	暂定·官方待核	所给英文底稿	篇1249	按英文语境沿现稿或修正；官方对应待核。
Clavus Pattern Maxim Bolter	秘匙型马克西姆爆矢枪	暂定·官方待核	所给英文底稿	篇1249	按英文语境沿现稿或修正；官方对应待核。
Vratine Bolter	弗拉廷爆矢枪	暂定·官方待核	所给英文底稿	篇1249	按英文语境沿现稿或修正；官方对应待核。
Nemesis Bolter	复仇女神爆矢枪	暂定·官方待核	所给英文底稿	篇1249	按英文语境沿现稿或修正；官方对应待核。
Angelus Bolt Carbine	祷告爆矢卡宾枪	暂定·官方待核	所给英文底稿	篇1249	按英文语境沿现稿或修正；官方对应待核。
Gunmetal City	枪铁城	暂定·官方待核	所给英文底稿	篇1249	按英文语境沿现稿或修正；官方对应待核。
Fane of Fykos	菲科斯工坊	暂定·官方待核	所给英文底稿	篇1249	按英文语境沿现稿或修正；官方对应待核。
Locke Pattern	洛克型	暂定·官方待核	所给英文底稿	篇1249	按英文语境沿现稿或修正；官方对应待核。
Locke Mk IIb Spearhead Boltgun	洛克 Mk.IIb 矛头爆矢枪	暂定·官方待核	所给英文底稿	篇1249	按英文语境沿现稿或修正；官方对应待核。
Enforcer Bolter	执法者爆矢枪	暂定·官方待核	所给英文底稿	篇1249	按英文语境沿现稿或修正；官方对应待核。
Perinetus Pattern Solo Mark II	佩里内图斯型 Mk.II“独奏”	暂定·官方待核	所给英文底稿	篇1249	按英文语境沿现稿或修正；官方对应待核。
Gilded Boltgun	镀金爆矢枪	暂定·官方待核	所给英文底稿	篇1249	按英文语境沿现稿或修正；官方对应待核。
Death Bringer Boltgun	死亡使者爆矢枪	暂定·官方待核	所给英文底稿	篇1249	按英文语境沿现稿或修正；官方对应待核。
Autoch Pattern Bolter	奥托克型爆矢枪	暂定·官方待核	所给英文底稿	篇1249	按英文语境沿现稿或修正；官方对应待核。
Ironhead Boltgun	铁首爆矢枪	暂定·官方待核	所给英文底稿	篇1249	按英文语境沿现稿或修正；官方对应待核。
Heavy Bolter	重型爆矢枪	暂定·官方待核	所给英文底稿	篇1250	按英文语境沿现稿或修正；官方对应待核。
Accatran Pattern MkVd Heavy Bolter	阿卡特兰型 Mk.Vd 重型爆矢枪	暂定·官方待核	所给英文底稿	篇1250	按英文语境沿现稿或修正；官方对应待核。
Delta-Ceres Pattern	德尔塔—谷神星型	暂定·官方待核	所给英文底稿	篇1250	按英文语境沿现稿或修正；官方对应待核。
Executor Heavy Bolter	执行者重型爆矢枪	暂定·官方待核	所给英文底稿	篇1250	按英文语境沿现稿或修正；官方对应待核。
Jove Mk III	朱庇特 Mk.III	暂定·官方待核	所给英文底稿	篇1250	按英文语境沿现稿或修正；官方对应待核。
Hellstorm Heavy Bolter	地狱风暴重型爆矢枪	暂定·官方待核	所给英文底稿	篇1250	按英文语境沿现稿或修正；官方对应待核。
Massada Pattern Firefury	马萨达型“炽怒”	暂定·官方待核	所给英文底稿	篇1250	按英文语境沿现稿或修正；官方对应待核。
Requiem Pattern Heavy Bolter	安魂曲型重型爆矢枪	暂定·官方待核	所给英文底稿	篇1250	按英文语境沿现稿或修正；官方对应待核。
Uzziel's Breath	乌西勒之息	暂定·官方待核	所给英文底稿	篇1250	按英文语境沿现稿或修正；官方对应待核。
Sanctus Mk.IVf Pattern	神圣 Mk.IVf 型	暂定·官方待核	所给英文底稿	篇1250	按英文语境沿现稿或修正；官方对应待核。
Sol Militaris Pattern	太阳军型	暂定·官方待核	所给英文底稿	篇1250	按英文语境沿现稿或修正；官方对应待核。
Voss-Incarnadine Pattern	沃斯—血色型	暂定·官方待核	所给英文底稿	篇1250	按英文语境沿现稿或修正；官方对应待核。
Scatter Heavy Bolter	散射重型爆矢枪	暂定·官方待核	所给英文底稿	篇1250	按英文语境沿现稿或修正；官方对应待核。
Infernus Heavy Bolter	炼狱重型爆矢枪	暂定·官方待核	所给英文底稿	篇1250	按英文语境沿现稿或修正；官方对应待核。
Praetorian Servitor	禁卫机仆	暂定·官方待核	所给英文底稿	篇1250	按英文语境沿现稿或修正；官方对应待核。
Assault Bolter	突击爆矢枪	暂定·官方待核	所给英文底稿	篇1251	按英文语境沿现稿或修正；官方对应待核。
Storm Bolter	风暴爆矢枪	暂定·官方待核	所给英文底稿	篇1252	按英文语境沿现稿或修正；官方对应待核。
Hecaton Variant	百式	暂定·官方待核	所给英文底稿	篇1252	按英文语境沿现稿或修正；官方对应待核。
Incaladion Pattern Storm Bolter	因卡拉迪翁型风暴爆矢枪	暂定·官方待核	所给英文底稿	篇1252	按英文语境沿现稿或修正；官方对应待核。
Indomitus Pattern Storm Bolter	不屈型风暴爆矢枪	暂定·官方待核	所给英文底稿	篇1252	按英文语境沿现稿或修正；官方对应待核。
Nocturne-Ultima	夜曲—极限型	暂定·官方待核	所给英文底稿	篇1252	按英文语境沿现稿或修正；官方对应待核。
Ryza Pattern Storm Bolter	瑞扎型风暴爆矢枪	暂定·官方待核	所给英文底稿	篇1252	按英文语境沿现稿或修正；官方对应待核。
Lastrum Pattern	拉斯穆型	暂定·官方待核	所给英文底稿	篇1252	按英文语境沿现稿或修正；官方对应待核。
Lastrum Core Clan	拉斯穆核心氏族	暂定·官方待核	所给英文底稿	篇1252	按英文语境沿现稿或修正；官方对应待核。
Appolyne Workshops	阿波利恩工坊	暂定·官方待核	所给英文底稿	篇1252	按英文语境沿现稿或修正；官方对应待核。
M33 MkIV Pintle-mounted Storm Bolter	M33 Mk.IV 枢轴式风暴爆矢枪	暂定·官方待核	所给英文底稿	篇1252	按英文语境沿现稿或修正；官方对应待核。
Forge Bolter	铸炉爆矢枪	暂定·官方待核	所给英文底稿	篇1253	按英文语境沿现稿或修正；官方对应待核。
Hurricane Bolter	飓风爆矢枪	暂定·官方待核	所给英文底稿	篇1254	按英文语境沿现稿或修正；官方对应待核。
Psycannon	灵能炮	暂定·官方待核	所给英文底稿	篇1255	按英文语境沿现稿或修正；官方对应待核。
Deimos-Lux Pattern Psycannon	迪莫斯—勒克斯型灵能炮	暂定·官方待核	所给英文底稿	篇1255	按英文语境沿现稿或修正；官方对应待核。
Heavy Psycannon	重型灵能炮	暂定·官方待核	所给英文底稿	篇1255	按英文语境沿现稿或修正；官方对应待核。
Acquittal	无罪判决	暂定·官方待核	所给英文底稿	篇1256	按英文语境沿现稿或修正；官方对应待核。
Lament	哀悼	暂定·官方待核	所给英文底稿	篇1257	按英文语境沿现稿或修正；官方对应待核。
Primarch's Wrath	原体之怒	暂定·官方待核	所给英文底稿	篇1258	按英文语境沿现稿或修正；官方对应待核。
Theldrite Moonsilver	塞尔德赖特月银	暂定·官方待核	所给英文底稿	篇1258	按英文语境沿现稿或修正；官方对应待核。
Emperor's Bolter	帝皇爆矢枪	暂定·官方待核	所给英文底稿	篇1259	按英文语境沿现稿或修正；官方对应待核。
Energy-based Weapon	能量武器	暂定·官方待核	所给英文底稿	篇1260	按英文语境沿现稿或修正；官方对应待核。
Distortion Weapons	扭曲武器	暂定·官方待核	所给英文底稿	篇1260	按英文语境沿现稿或修正；官方对应待核。
Distort Cannon	扭曲炮	暂定·官方待核	所给英文底稿	篇1260	按英文语境沿现稿或修正；官方对应待核。
Flame Weapons	火焰武器	暂定·官方待核	所给英文底稿	篇1260	按英文语境沿现稿或修正；官方对应待核。
Gauss Weapons	高斯武器	暂定·官方待核	所给英文底稿	篇1260	按英文语境沿现稿或修正；官方对应待核。
Laser Weapons	激光武器	暂定·官方待核	所给英文底稿	篇1260	按英文语境沿现稿或修正；官方对应待核。
Plasma Weapons	等离子武器	暂定·官方待核	所给英文底稿	篇1260	按英文语境沿现稿或修正；官方对应待核。
Melta Weapons	热熔武器	暂定·官方待核	所给英文底稿	篇1260	按英文语境沿现稿或修正；官方对应待核。
Tesla Weapons	特斯拉武器	暂定·官方待核	所给英文底稿	篇1260	按英文语境沿现稿或修正；官方对应待核。
Sonic Weapons	声波武器	暂定·官方待核	所给英文底稿	篇1260	按英文语境沿现稿或修正；官方对应待核。
Neutron Laser Projector	中子激光投射炮	暂定·官方待核	所给英文底稿	篇1261	按英文语境沿现稿或修正；官方对应待核。
Neutron Blaster	中子爆破炮	暂定·官方待核	所给英文底稿	篇1261	按英文语境沿现稿或修正；官方对应待核。
Conversion Beam Projector	转化光束投射炮	暂定·官方待核	所给英文底稿	篇1262	按英文语境沿现稿或修正；官方对应待核。
Conversion Beamer	转化光束炮	暂定·官方待核	所给英文底稿	篇1262	按英文语境沿现稿或修正；官方对应待核。
Heavy Conversion Beamer	重型转化光束炮	暂定·官方待核	所给英文底稿	篇1262	按英文语境沿现稿或修正；官方对应待核。
Conversion Beam Cannon	转化光束加农炮	暂定·官方待核	所给英文底稿	篇1262	按英文语境沿现稿或修正；官方对应待核。
Conversion Beam Dissolutor	转化光束分解器	暂定·官方待核	所给英文底稿	篇1262	按英文语境沿现稿或修正；官方对应待核。
Conversion Beam Dissipator	转化光束耗散器	暂定·官方待核	所给英文底稿	篇1262	按英文语境沿现稿或修正；官方对应待核。
Extirpator Cannon	消除炮	暂定·官方待核	所给英文底稿	篇1262	按英文语境沿现稿或修正；官方对应待核。
SP Conversion Beamer	SP型转化光束炮	暂定·官方待核	所给英文底稿	篇1262	按英文语境沿现稿或修正；官方对应待核。
SP Heavy Conversion Beamer	SP型重型转化光束炮	暂定·官方待核	所给英文底稿	篇1262	按英文语境沿现稿或修正；官方对应待核。
Hekaton Land Fortress	赫卡顿陆行要塞	官方已核对	https://assets.warhammer-community.com/chi_06-05_wh40k_core%26key_munitorum_field_manual-5mrlucr2t1-fkybzzzoce.pdf ; https://assets.warhammer-community.com/eng_warhammer40000_munitorum_field_manual_march_2025-cims9ya3sg-s8j9m2haae.pdf	GW09/GW10第27页	官方两版同名单位对应。
Anbaric Claw	安巴里克爪	暂定·官方待核	所给英文底稿	篇1263	按英文语境沿现稿或修正；官方对应待核。
Anbaric Order	安巴里克修会	暂定·官方待核	所给英文底稿	篇1263	按英文语境沿现稿或修正；官方对应待核。
Flame Weapon	火焰武器	暂定·官方待核	所给英文底稿	篇1264	按英文语境沿现稿或修正；官方对应待核。
Dragon Breath Flamer	龙息火焰喷射器	暂定·官方待核	所给英文底稿	篇1264	按英文语境沿现稿或修正；官方对应待核。
Exterminator Flame Weapon	歼灭者火焰武器	暂定·官方待核	所给英文底稿	篇1264	按英文语境沿现稿或修正；官方对应待核。
Inferno Cannon	炼狱加农炮	暂定·官方待核	所给英文底稿	篇1264	按英文语境沿现稿或修正；官方对应待核。
Inferno Gun	炼狱炮	暂定·官方待核	所给英文底稿	篇1264	按英文语境沿现稿或修正；官方对应待核。
Incinerator	焚化枪	暂定·官方待核	所给英文底稿	篇1264	按英文语境沿现稿或修正；官方对应待核。
Immolation Rifle	献祭步枪	暂定·官方待核	所给英文底稿	篇1264	按英文语境沿现稿或修正；官方对应待核。
Balefire Gun	烈焰枪	暂定·官方待核	所给英文底稿	篇1264	按英文语境沿现稿或修正；官方对应待核。
Flame Cannon Acheron Pattern	黄泉型火焰加农炮	暂定·官方待核	所给英文底稿	篇1264	按英文语境沿现稿或修正；官方对应待核。
Conflagration Cannon	焚灭加农炮	暂定·官方待核	所给英文底稿	篇1264	按英文语境沿现稿或修正；官方对应待核。
Flamer	火焰喷射器	暂定·官方待核	所给英文底稿	篇1265	按英文语境沿现稿或修正；官方对应待核。
Cognis Flamer	智能火焰喷射器	暂定·官方待核	所给英文底稿	篇1265	按英文语境沿现稿或修正；官方对应待核。
Baleflamer	灾焰枪	暂定·官方待核	所给英文底稿	篇1265	按英文语境沿现稿或修正；官方对应待核。
Warpflame Weapon	魔焰武器	暂定·官方待核	所给英文底稿	篇1265	按英文语境沿现稿或修正；官方对应待核。
Phased Plasma-Flamer	相位等离子火焰喷射器	暂定·官方待核	所给英文底稿	篇1265	按英文语境沿现稿或修正；官方对应待核。
Flamespurt	喷焰器	暂定·官方待核	所给英文底稿	篇1265	按英文语境沿现稿或修正；官方对应待核。
Gauntlet of Fire	烈焰臂铠	暂定·官方待核	所给英文底稿	篇1265	按英文语境沿现稿或修正；官方对应待核。
Gauntlet of the Conflagrator	纵火者臂铠	暂定·官方待核	所给英文底稿	篇1265	按英文语境沿现稿或修正；官方对应待核。
Imperial Flamer	帝国火焰喷射器	暂定·官方待核	所给英文底稿	篇1266	按英文语境沿现稿或修正；官方对应待核。
Heretic Pattern Flamer	异端型火焰喷射器	暂定·官方待核	所给英文底稿	篇1266	按英文语境沿现稿或修正；官方对应待核。
Mark VII Salamander Assault Flamer	Mk.VII 火蜥蜴突击火焰喷射器	暂定·官方待核	所给英文底稿	篇1266	按英文语境沿现稿或修正；官方对应待核。
Absolution Pattern Flamer	赦免型火焰喷射器	暂定·官方待核	所给英文底稿	篇1266	按英文语境沿现稿或修正；官方对应待核。
Anoxis Burst Flamer	阿诺西斯爆裂火焰喷射器	暂定·官方待核	所给英文底稿	篇1266	按英文语境沿现稿或修正；官方对应待核。
Coldfire Pattern	冷焰型	暂定·官方待核	所给英文底稿	篇1266	按英文语境沿现稿或修正；官方对应待核。
Helios-Prime Pattern	赫利俄斯主星型	暂定·官方待核	所给英文底稿	篇1266	按英文语境沿现稿或修正；官方对应待核。
Incinerati Sub-Pattern	焚化子型	暂定·官方待核	所给英文底稿	篇1266	按英文语境沿现稿或修正；官方对应待核。
Phaestos Pattern	费斯托斯型	暂定·官方待核	所给英文底稿	篇1266	按英文语境沿现稿或修正；官方对应待核。
Phaeton Pattern	法厄同型	暂定·官方待核	所给英文底稿	篇1266	按英文语境沿现稿或修正；官方对应待核。
Artemia Mk III Purgation Flamer	阿尔泰米亚 Mk.III 净化火焰喷射器	暂定·官方待核	所给英文底稿	篇1266	按英文语境沿现稿或修正；官方对应待核。
Pyroclast Flame Projector	焚火者火焰投射器	暂定·官方待核	所给英文底稿	篇1267	按英文语境沿现稿或修正；官方对应待核。
Hand Flamer	火焰手枪	暂定·官方待核	所给英文底稿	篇1268	按英文语境沿现稿或修正；官方对应待核。
Akkadic Pattern	阿卡迪克型	暂定·官方待核	所给英文底稿	篇1268	按英文语境沿现稿或修正；官方对应待核。
Crucible Variant	熔炉型	暂定·官方待核	所给英文底稿	篇1268	按英文语境沿现稿或修正；官方对应待核。
Cadence Promethium Incineration Device	凯迪斯钷素焚烧装置	暂定·官方待核	所给英文底稿	篇1268	按英文语境沿现稿或修正；官方对应待核。
Ignis Pattern	烈焰型	暂定·官方待核	所给英文底稿	篇1268	按英文语境沿现稿或修正；官方对应待核。
Baal's Vengeance	巴尔的复仇	暂定·官方待核	所给英文底稿	篇1268	按英文语境沿现稿或修正；官方对应待核。
Drakkis	德拉基斯	暂定·官方待核	所给英文底稿	篇1268	按英文语境沿现稿或修正；官方对应待核。
Ignatus	伊格纳托斯	暂定·官方待核	所给英文底稿	篇1268	按英文语境沿现稿或修正；官方对应待核。
Antor Delassio	安托·德拉西奥	暂定·官方待核	所给英文底稿	篇1268	按英文语境沿现稿或修正；官方对应待核。
Pyreblaster	焚焰枪	暂定·官方待核	所给英文底稿	篇1269	按英文语境沿现稿或修正；官方对应待核。
Pyrecannon	焚焰炮	暂定·官方待核	所给英文底稿	篇1270	按英文语境沿现稿或修正；官方对应待核。
Heavy Flamer	重型火焰喷射器	暂定·官方待核	所给英文底稿	篇1271	按英文语境沿现稿或修正；官方对应待核。
Incendium Cannon	燃烧炮	暂定·官方待核	所给英文底稿	篇1272	按英文语境沿现稿或修正；官方对应待核。
Flamestorm Cannon	火焰风暴炮	暂定·官方待核	所给英文底稿	篇1274	按英文语境沿现稿或修正；官方对应待核。
Psyflame	灵能火	暂定·官方待核	所给英文底稿	篇1275	按英文语境沿现稿或修正；官方对应待核。
Heavy Incinerator	重型焚化枪	暂定·官方待核	所给英文底稿	篇1275	按英文语境沿现稿或修正；官方对应待核。
Inquisitorial Pyroclasts	审判庭焚火者	暂定·官方待核	所给英文底稿	篇1275	按英文语境沿现稿或修正；官方对应待核。
Melta Weapon	热熔武器	暂定·官方待核	所给英文底稿	篇1276	按英文语境沿现稿或修正；官方对应待核。
Pyrum	派鲁姆	暂定·官方待核	所给英文底稿	篇1276	按英文语境沿现稿或修正；官方对应待核。
Meltagun	热熔枪	暂定·官方待核	所给英文底稿	篇1276	按英文语境沿现稿或修正；官方对应待核。
Melta Rifle	热熔步枪	暂定·官方待核	所给英文底稿	篇1276	按英文语境沿现稿或修正；官方对应待核。
Multi-melta	多管热熔	暂定·官方待核	所给英文底稿	篇1276	按英文语境沿现稿或修正；官方对应待核。
Inferno Pistol	地狱火手枪	暂定·官方待核	所给英文底稿	篇1276	按英文语境沿现稿或修正；官方对应待核。
Melta Cannon	热熔炮	暂定·官方待核	所给英文底稿	篇1276	按英文语境沿现稿或修正；官方对应待核。
Melta Lance	热熔长枪	暂定·官方待核	所给英文底稿	篇1276	按英文语境沿现稿或修正；官方对应待核。
Melta Destroyer	热熔毁灭炮	暂定·官方待核	所给英文底稿	篇1276	按英文语境沿现稿或修正；官方对应待核。
Melta Blast-Gun	热熔爆破炮	暂定·官方待核	所给英文底稿	篇1276	1281明确重型车载武器，与本篇标题统一；1276列表热熔爆破枪回改。
Siege Melta Array	攻城热熔阵列	暂定·官方待核	所给英文底稿	篇1276	按英文语境沿现稿或修正；官方对应待核。
Magna-Melta	巨型热熔	暂定·官方待核	所给英文底稿	篇1276	按英文语境沿现稿或修正；官方对应待核。
Cyclonic Melta Lance	旋风热熔光矛	暂定·官方待核	所给英文底稿	篇1276	按英文语境沿现稿或修正；官方对应待核。
Thermal Spear	热能矛	暂定·官方待核	所给英文底稿	篇1276	按英文语境沿现稿或修正；官方对应待核。
Melta Torpedo	热熔鱼雷	暂定·官方待核	所给英文底稿	篇1276	按英文语境沿现稿或修正；官方对应待核。
Fire Pike	火矛	暂定·官方待核	所给英文底稿	篇1276	按英文语境沿现稿或修正；官方对应待核。
Fusion Gun	聚变枪	暂定·官方待核	所给英文底稿	篇1276	按英文语境沿现稿或修正；官方对应待核。
Fusion Pistol	聚变手枪	暂定·官方待核	所给英文底稿	篇1276	按英文语境沿现稿或修正；官方对应待核。
Inferno Lance	炼狱光矛	暂定·官方待核	所给英文底稿	篇1276	按英文语境沿现稿或修正；官方对应待核。
Heat Lance	热线光矛	暂定·官方待核	所给英文底稿	篇1276	按英文语境沿现稿或修正；官方对应待核。
Fusion Blaster	融合爆破炮	暂定·官方待核	所给英文底稿	篇1276	按英文语境沿现稿或修正；官方对应待核。
Fusion Cascade	融合速射枪	暂定·官方待核	所给英文底稿	篇1276	按英文语境沿现稿或修正；官方对应待核。
Fusion Collider	融合对撞枪	暂定·官方待核	所给英文底稿	篇1276	按英文语境沿现稿或修正；官方对应待核。
Fusion Eradicator	融合根除者	暂定·官方待核	所给英文底稿	篇1276	按英文语境沿现稿或修正；官方对应待核。
Heat Cannon	热线炮	暂定·官方待核	所给英文底稿	篇1276	按英文语境沿现稿或修正；官方对应待核。
Heat Ray	热射线	暂定·官方待核	所给英文底稿	篇1276	按英文语境沿现稿或修正；官方对应待核。
Triarch Stalker	三圣追猎者	官方已核对	https://assets.warhammer-community.com/chi_06-05_wh40k_core%26key_munitorum_field_manual-5mrlucr2t1-fkybzzzoce.pdf ; https://assets.warhammer-community.com/eng_warhammer40000_munitorum_field_manual_march_2025-cims9ya3sg-s8j9m2haae.pdf	GW09/GW10第28页	官方双语同名单位逐项对照。
Melta Gun	热熔枪	暂定·官方待核	所给英文底稿	篇1277	按英文语境沿现稿或修正；官方对应待核。
Accataran Pattern MkVIII Meltagun	阿卡特兰型 Mk.VIII 热熔枪	暂定·官方待核	所给英文底稿	篇1277	按英文语境沿现稿或修正；官方对应待核。
Melta Carbine	热熔卡宾枪	暂定·官方待核	所给英文底稿	篇1277	按英文语境沿现稿或修正；官方对应待核。
Tempestus Aquilons	风暴天鹰	官方已核对	https://assets.warhammer-community.com/chi_06-05_wh40k_core%26key_munitorum_field_manual-5mrlucr2t1-fkybzzzoce.pdf ; https://assets.warhammer-community.com/eng_warhammer40000_munitorum_field_manual_march_2025-cims9ya3sg-s8j9m2haae.pdf	GW09/GW10第8页	官方双语同名单位逐项对照。
Heavy Melta Rifle	重型热熔步枪	暂定·官方待核	所给英文底稿	篇1278	按英文语境沿现稿或修正；官方对应待核。
Infernus Pistol	炼狱手枪	暂定·官方待核	所给英文底稿	篇1279	按英文语境沿现稿或修正；官方对应待核。
Inquisitor Malich	审判官马里奇	暂定·官方待核	所给英文底稿	篇1279	按英文语境沿现稿或修正；官方对应待核。
Ernst Heckler	恩斯特·赫克勒	暂定·官方待核	所给英文底稿	篇1279	按英文语境沿现稿或修正；官方对应待核。
Conflagration Infernus Pistol	爆燃炼狱手枪	暂定·官方待核	所给英文底稿	篇1279	按英文语境沿现稿或修正；官方对应待核。
Fyrestorm	火焰风暴	暂定·官方待核	所给英文底稿	篇1279	按英文语境沿现稿或修正；官方对应待核。
Ignis Judicium	烈焰审判	暂定·官方待核	所给英文底稿	篇1279	按英文语境沿现稿或修正；官方对应待核。
Firestorm Multi-melta	火焰风暴多管热熔	暂定·官方待核	所给英文底稿	篇1280	按英文语境沿现稿或修正；官方对应待核。
Thermic Lance Mk.XI Pattern	Mk.XI 热能长矛型	暂定·官方待核	所给英文底稿	篇1280	按英文语境沿现稿或修正；官方对应待核。
Zone Mortalis	死亡区域	暂定·官方待核	所给英文底稿	篇1280	按英文语境沿现稿或修正；官方对应待核。
Graviton Weapon	重力武器	暂定·官方待核	所给英文底稿	篇1286	按英文语境沿现稿或修正；官方对应待核。
Graviton Hammer	重力锤	暂定·官方待核	所给英文底稿	篇1286	按英文语境沿现稿或修正；官方对应待核。
Graviton Mace	重力战槌	暂定·官方待核	所给英文底稿	篇1286	按英文语境沿现稿或修正；官方对应待核。
Graviton Crusher	重力粉碎器	暂定·官方待核	所给英文底稿	篇1286	按英文语境沿现稿或修正；官方对应待核。
Graviton Maul	重力槌	暂定·官方待核	所给英文底稿	篇1286	按英文语境沿现稿或修正；官方对应待核。
Graviton Gun	重力枪	暂定·官方待核	所给英文底稿	篇1286	按英文语境沿现稿或修正；官方对应待核。
Graviton Cannon	重力炮	暂定·官方待核	所给英文底稿	篇1286	按英文语境沿现稿或修正；官方对应待核。
Graviton Imploder	重力内爆器	暂定·官方待核	所给英文底稿	篇1286	按英文语境沿现稿或修正；官方对应待核。
Combi-Grav	复合重力枪	暂定·官方待核	所给英文底稿	篇1286	按英文语境沿现稿或修正；官方对应待核。
Graviton Pulsar	重力脉冲枪	暂定·官方待核	所给英文底稿	篇1286	按英文语境沿现稿或修正；官方对应待核。
Graviton Singularity Cannon	重力奇点炮	暂定·官方待核	所给英文底稿	篇1286	按英文语境沿现稿或修正；官方对应待核。
Grav Flux Bombard	重力通量轰击炮	暂定·官方待核	所给英文底稿	篇1286	按英文语境沿现稿或修正；官方对应待核。
Graviton Ram	重力攻城锤	暂定·官方待核	所给英文底稿	篇1286	按英文语境沿现稿或修正；官方对应待核。
Graviton Charge Cannon	重力充能炮	暂定·官方待核	所给英文底稿	篇1286	按英文语境沿现稿或修正；官方对应待核。
Graviton Onager	重力投石机	暂定·官方待核	所给英文底稿	篇1286	按英文语境沿现稿或修正；官方对应待核。
Krius Grav Imploder	克里乌斯重力内爆器	暂定·官方待核	所给英文底稿	篇1286	按英文语境沿现稿或修正；官方对应待核。
Graviton Destructor	重力破坏者	暂定·官方待核	所给英文底稿	篇1286	按英文语境沿现稿或修正；官方对应待核。
Graviton Ruinator	重力毁灭者	暂定·官方待核	所给英文底稿	篇1286	按英文语境沿现稿或修正；官方对应待核。
Giga-Graviton Cannon	千兆重力炮	暂定·官方待核	所给英文底稿	篇1286	按英文语境沿现稿或修正；官方对应待核。
Graviton Rifle	重力步枪	暂定·官方待核	所给英文底稿	篇1286	按英文语境沿现稿或修正；官方对应待核。
Graviton Blast Cannon	重力冲击炮	暂定·官方待核	所给英文底稿	篇1286	按英文语境沿现稿或修正；官方对应待核。
Graviton Pistol	重力手枪	暂定·官方待核	所给英文底稿	篇1287	按英文语境沿现稿或修正；官方对应待核。
Grav-Pistol	重力手枪	暂定·官方待核	所给英文底稿	篇1287	按英文语境沿现稿或修正；官方对应待核。
Autotellurian Pattern	自动实相型	暂定·官方待核	所给英文底稿	篇1288	按英文语境沿现稿或修正；官方对应待核。
Hystrar Mk.XII Pattern	海斯特拉 Mk.XII 型	暂定·官方待核	所给英文底稿	篇1288	按英文语境沿现稿或修正；官方对应待核。
Wrath Gravgun	暴怒重力枪	暂定·官方待核	所给英文底稿	篇1288	按英文语境沿现稿或修正；官方对应待核。
Heavy Grav-Cannon	重型重力炮	暂定·官方待核	所给英文底稿	篇1289	按英文语境沿现稿或修正；官方对应待核。
Plasma Weapon	等离子武器	暂定·官方待核	所给英文底稿	篇1292	按英文语境沿现稿或修正；官方对应待核。
Plasma Talon	等离子爪	暂定·官方待核	所给英文底稿	篇1292	按英文语境沿现稿或修正；官方对应待核。
Plasma Cutter	等离子切割枪	暂定·官方待核	所给英文底稿	篇1292	按英文语境沿现稿或修正；官方对应待核。
Plasma Caliver	等离子速射枪	暂定·官方待核	所给英文底稿	篇1292	按英文语境沿现稿或修正；官方对应待核。
Plasma Culverin	等离子速射炮	暂定·官方待核	所给英文底稿	篇1292	按英文语境沿现稿或修正；官方对应待核。
Plasma Incinerator	等离子焚化枪	暂定·官方待核	所给英文底稿	篇1292	按英文语境沿现稿或修正；官方对应待核。
Plasma Exterminator	等离子灭绝枪	暂定·官方待核	所给英文底稿	篇1292	按英文语境沿现稿或修正；官方对应待核。
Plasma Ejector	等离子喷射枪	暂定·官方待核	所给英文底稿	篇1292	按英文语境沿现稿或修正；官方对应待核。
Plasma Blastgun	等离子爆破炮	暂定·官方待核	所给英文底稿	篇1292	按英文语境沿现稿或修正；官方对应待核。
Plasma Decimator	等离子屠戮者	暂定·官方待核	所给英文底稿	篇1292	按英文语境沿现稿或修正；官方对应待核。
Plasma Destructor	等离子破坏炮	暂定·官方待核	所给英文底稿	篇1292	按英文语境沿现稿或修正；官方对应待核。
Plasma Annihilator	等离子歼灭炮	暂定·官方待核	所给英文底稿	篇1292	按英文语境沿现稿或修正；官方对应待核。
Plasma Eradicator	等离子根除炮	暂定·官方待核	所给英文底稿	篇1292	按英文语境沿现稿或修正；官方对应待核。
Plasma Projector	等离子投射炮	暂定·官方待核	所给英文底稿	篇1292	按英文语境沿现稿或修正；官方对应待核。
Plasma Torpedo	等离子鱼雷	暂定·官方待核	所给英文底稿	篇1292	按英文语境沿现稿或修正；官方对应待核。
Plasma Obliterator	等离子湮灭者	暂定·官方待核	所给英文底稿	篇1292	按英文语境沿现稿或修正；官方对应待核。
Plasma Accelerator	等离子加速炮	暂定·官方待核	所给英文底稿	篇1292	按英文语境沿现稿或修正；官方对应待核。
Plasma-caster	等离子发射器	暂定·官方待核	所给英文底稿	篇1292	按英文语境沿现稿或修正；官方对应待核。
Plasma Blaster	等离子爆破枪	暂定·官方待核	所给英文底稿	篇1292	按英文语境沿现稿或修正；官方对应待核。
Plasma Burner	等离子燃烧枪	暂定·官方待核	所给英文底稿	篇1292	按英文语境沿现稿或修正；官方对应待核。
Phased-Plasma Fusil	相位等离子轻步枪	暂定·官方待核	所给英文底稿	篇1292	按英文语境沿现稿或修正；官方对应待核。
Executioner Cannon	行刑者加农炮	暂定·官方待核	所给英文底稿	篇1292	按英文语境沿现稿或修正；官方对应待核。
Hellex Plasma Mortar	赫莱克斯等离子臼炮	暂定·官方待核	所给英文底稿	篇1292	按英文语境沿现稿或修正；官方对应待核。
Hellfire Plasma Cannonade	狱火等离子大炮	暂定·官方待核	所给英文底稿	篇1292	按英文语境沿现稿或修正；官方对应待核。
Omega Plasma Array	欧米伽等离子阵列	暂定·官方待核	所给英文底稿	篇1292	按英文语境沿现稿或修正；官方对应待核。
Ectoplasma Cannon	次元等离子炮	暂定·官方待核	所给英文底稿	篇1292	按英文语境沿现稿或修正；官方对应待核。
Plasma Rifle	等离子步枪	暂定·官方待核	所给英文底稿	篇1292	按英文语境沿现稿或修正；官方对应待核。
Tau Plasma Cannon	钛族等离子炮	暂定·官方待核	所给英文底稿	篇1292	按英文语境沿现稿或修正；官方对应待核。
Plasma Bomb	等离子炸弹	暂定·官方待核	所给英文底稿	篇1292	按英文语境沿现稿或修正；官方对应待核。
Etacarn Plasma Gun	埃特卡恩等离子枪	暂定·官方待核	所给英文底稿	篇1292	按英文语境沿现稿或修正；官方对应待核。
Etacarn Plasma Beamer	埃特卡恩等离子光束枪	暂定·官方待核	所给英文底稿	篇1292	按英文语境沿现稿或修正；官方对应待核。
Thamyris Taskforce	塔米里斯特遣队	暂定·官方待核	所给英文底稿	篇1294	按英文语境沿现稿或修正；官方对应待核。
Asandre	阿桑德雷	暂定·官方待核	所给英文底稿	篇1294	按英文语境沿现稿或修正；官方对应待核。
Jollus Marquette	乔卢斯·马奎特	暂定·官方待核	所给英文底稿	篇1294	按英文语境沿现稿或修正；官方对应待核。
Clovis Munitorum	克洛维斯军械机构	暂定·官方待核	所给英文底稿	篇1294	按英文语境沿现稿或修正；官方对应待核。
Aryon	阿瑞昂	暂定·官方待核	所给英文底稿	篇1294	按英文语境沿现稿或修正；官方对应待核。
Gantic Pattern Plasma Gun	甘提克型等离子枪	暂定·官方待核	所给英文底稿	篇1294	按英文语境沿现稿或修正；官方对应待核。
Magnacore Pattern	巨核型	暂定·官方待核	所给英文底稿	篇1294	按英文语境沿现稿或修正；官方对应待核。
Meritates Uprising	梅里塔特斯叛乱	暂定·官方待核	所给英文底稿	篇1294	按英文语境沿现稿或修正；官方对应待核。
Meritech Clans	梅里泰克氏族	暂定·官方待核	所给英文底稿	篇1294	按英文语境沿现稿或修正；官方对应待核。
Nihilus Pattern Plasma Gun	虚无型等离子枪	暂定·官方待核	所给英文底稿	篇1294	按英文语境沿现稿或修正；官方对应待核。
Plasma Carbine	等离子卡宾枪	暂定·官方待核	所给英文底稿	篇1294	按英文语境沿现稿或修正；官方对应待核。
Quinspirus Pattern	昆斯皮鲁斯型	暂定·官方待核	所给英文底稿	篇1294	按英文语境沿现稿或修正；官方对应待核。
Ragefire Pattern	怒火型	暂定·官方待核	所给英文底稿	篇1294	按英文语境沿现稿或修正；官方对应待核。
Sequana	赛奎安娜	暂定·官方待核	所给英文底稿	篇1294	按英文语境沿现稿或修正；官方对应待核。
Ryza Hellshot Plasma Blaster	瑞扎地狱射击等离子爆破枪	暂定·官方待核	所给英文底稿	篇1294	按英文语境沿现稿或修正；官方对应待核。
Belisarius Pattern	贝利萨留斯型	暂定·官方待核	所给英文底稿	篇1294	按英文语境沿现稿或修正；官方对应待核。
Barrage Plasma Gun	弹幕等离子枪	暂定·官方待核	所给英文底稿	篇1294	按英文语境沿现稿或修正；官方对应待核。
Plasma Repeater	等离子连射枪	暂定·官方待核	所给英文底稿	篇1294	按英文语境沿现稿或修正；官方对应待核。
Phased Plasma Rifle	相位等离子步枪	暂定·官方待核	所给英文底稿	篇1294	按英文语境沿现稿或修正；官方对应待核。
Selvanus Binary	塞尔瓦努斯双星	暂定·官方待核	所给英文底稿	篇1294	按英文语境沿现稿或修正；官方对应待核。
Cerix Magnus	塞里克斯·马格努斯	暂定·官方待核	所给英文底稿	篇1294	按英文语境沿现稿或修正；官方对应待核。
Ebon Guard	乌木守卫	暂定·官方待核	所给英文底稿	篇1294	按英文语境沿现稿或修正；官方对应待核。
Praetor Armour	执政官装甲	暂定·官方待核	所给英文底稿	篇1294	按英文语境沿现稿或修正；官方对应待核。
Fearsome Light of Faith	信仰威光	暂定·官方待核	所给英文底稿	篇1294	按英文语境沿现稿或修正；官方对应待核。
Lamentation of Heretics	异端哀号	暂定·官方待核	所给英文底稿	篇1294	按英文语境沿现稿或修正；官方对应待核。
Assault Plasma Incinerator	突击等离子焚化枪	暂定·官方待核	所给英文底稿	篇1295	按英文语境沿现稿或修正；官方对应待核。
Heavy Plasma Incinerator	重型等离子焚化枪	暂定·官方待核	所给英文底稿	篇1295	按英文语境沿现稿或修正；官方对应待核。
Macro Plasma Incinerator	巨型等离子焚化炮	暂定·官方待核	所给英文底稿	篇1295	按英文语境沿现稿或修正；官方对应待核。
Helicon Pattern	赫利孔型	暂定·官方待核	所给英文底稿	篇1299	按英文语境沿现稿或修正；官方对应待核。
Barrage Plasma Pistol	弹幕等离子手枪	暂定·官方待核	所给英文底稿	篇1299	按英文语境沿现稿或修正；官方对应待核。
Kronos Mk.III Plasma Pistol	科罗努斯 Mk.III 等离子手枪	暂定·官方待核	所给英文底稿	篇1299	按英文语境沿现稿或修正；官方对应待核。
Sunwrath Pattern	日火型	暂定·官方待核	所给英文底稿	篇1299	按英文语境沿现稿或修正；官方对应待核。
Valthek-II	瓦尔特克 II 型	暂定·官方待核	所给英文底稿	篇1299	按英文语境沿现稿或修正；官方对应待核。
Etacarn Plasma Pistol	埃特卡恩等离子手枪	暂定·官方待核	所给英文底稿	篇1299	按英文语境沿现稿或修正；官方对应待核。
Viktor Hark	维克托·哈克	暂定·官方待核	所给英文底稿	篇1299	按英文语境沿现稿或修正；官方对应待核。
Shiv	希夫	暂定·官方待核	所给英文底稿	篇1299	按英文语境沿现稿或修正；官方对应待核。
Fusil Actinaeus	阿克缇纳厄斯枪	暂定·官方待核	所给英文底稿	篇1299	按英文语境沿现稿或修正；官方对应待核。
Sorrowsong	悲歌	暂定·官方待核	所给英文底稿	篇1299	按英文语境沿现稿或修正；官方对应待核。
Erika Luminas	埃里卡·卢米纳斯	暂定·官方待核	所给英文底稿	篇1299	按英文语境沿现稿或修正；官方对应待核。
Crimson Guard (Lathe Worlds)	绯红守卫	暂定·官方待核	所给英文底稿	篇1294 B0175—0176	机械修会地方部队；与225篇同名星际战士战团深红守卫分开。
